ticker,close,rs,tt_n,vcp,zan_near,zan_break,warn
CDNA,65.14,99,8,False,False,False,True
DELL,573.95,99,8,False,True,False,False
LITE,1131.03,99,8,False,False,False,True
MRNA,188.06,99,8,False,False,False,True
MU,1048.15,99,8,False,False,False,False
MXL,108.78,99,8,False,False,False,True
SNDK,1659.1,99,7,False,False,False,False
TWST,168.77,99,8,False,False,False,False
TXG,81.01,99,8,False,False,False,False
ABSI,10.39,98,8,False,False,False,False
AMD,650.69,98,8,False,False,False,True
BE,298.79,98,8,False,True,False,False
COHU,72.72,98,8,False,True,False,True
CORT,119.77,98,8,False,False,False,False
CRWD,279.08,98,8,False,False,False,False
FRO,52.75,98,8,False,True,False,False
HPE,70.99,98,8,False,False,False,True
INSW,116.21,98,8,False,True,False,False
INTC,113.24,98,8,False,False,False,False
MRVL,285.73,98,8,False,False,True,False
OKTA,218.09,98,8,False,True,False,False
PBF,83.27,98,8,False,True,False,False
RNG,76.55,98,8,False,False,False,False
SMTC,196.77,98,8,False,True,False,True
TEAM,192.68,98,7,False,True,False,False
VICR,297.93,98,7,False,False,False,True
ALAB,387.21,97,8,False,False,False,False
CVI,58.24,97,8,False,False,False,False
DINO,115.57,97,8,False,True,False,False
DK,76.19,97,8,False,False,False,False
DOCN,132.34,97,7,False,False,False,False
FORM,142.35,97,7,False,False,False,False
ILMN,273.03,97,8,False,False,False,False
MPC,434.42,97,8,False,True,False,False
MTRN,310.72,97,8,False,True,False,False
P,147.12,97,8,False,False,False,True
PANW,420.04,97,8,False,False,False,False
PENG,63.46,97,7,False,True,False,False
STX,802.43,97,6,False,False,False,True
TWLO,279.54,97,8,False,False,False,False
VIAV,47.61,97,7,False,True,False,False
VLO,421.86,97,8,False,True,False,False
ARM,302.64,96,7,False,False,False,False
CAKE,107.85,96,8,False,False,False,False
FSLY,25.43,96,7,False,False,False,False
FTNT,190.07,96,8,False,False,False,False
HNGE,97.85,96,8,False,True,False,False
HTFL,51.07,96,8,False,True,False,False
HZO,52.4,96,8,True,True,False,False
IRDM,49.06,96,8,False,True,False,False
LPG,56.39,96,8,False,False,False,False
NBIS,249.66,96,8,False,False,False,False
NTAP,228.92,96,8,False,True,False,False
NTRA,397.37,96,8,False,False,False,False
PARR,87.0,96,8,False,True,False,False
SDGR,29.19,96,8,False,False,False,True
TER,427.67,96,8,False,False,False,False
AMN,36.92,95,8,False,True,False,False
AVT,106.18,95,8,False,True,False,False
COHR,335.22,95,7,False,False,False,False
DDOG,278.07,95,8,False,False,False,False
FIVN,33.54,95,8,False,False,False,False
FTRE,21.01,95,8,False,True,False,False
GH,171.99,95,8,False,False,False,False
MTSI,350.35,95,7,False,False,False,True
NSIT,159.41,95,8,True,False,False,False
PSX,270.79,95,8,False,True,False,False
RBRK,125.83,95,8,False,False,False,True
SITM,705.29,95,8,False,False,False,False
TNK,101.11,95,8,False,True,False,False
VSH,37.58,95,6,False,True,False,False
VSXY,86.18,95,8,False,False,False,False
XNCR,24.04,95,7,False,False,False,True
AAMI,93.96,94,8,False,True,False,False
ARW,239.73,94,8,False,True,False,False
BHE,86.02,94,8,False,True,False,False
BLFS,38.61,94,8,False,True,False,False
CHEF,111.01,94,8,False,False,False,False
DIOD,107.91,94,8,False,True,False,False
FROG,98.36,94,8,False,False,False,False
GTLB,51.37,94,7,False,False,False,False
HAE,103.24,94,8,True,False,False,False
LFST,12.07,94,7,False,False,False,True
QLYS,199.9,94,8,False,True,False,False
S,25.73,94,8,False,True,False,False
SN,184.55,94,8,False,False,False,False
VCTR,113.82,94,8,False,False,False,False
WT,24.2,94,8,False,False,False,False
AMAT,527.42,93,7,False,False,False,False
CBRL,56.07,93,8,False,False,False,False
CIEN,440.72,93,6,False,True,False,False
CON,36.4,93,8,False,True,False,False
CRL,303.61,93,8,False,True,False,False
ECPG,98.11,93,8,True,False,False,False
FLEX,120.83,93,7,False,False,False,False
KEYS,385.39,93,8,False,True,False,False
MAN,51.67,93,7,False,False,False,False
NET,355.65,93,8,False,True,False,False
OUST,44.62,93,7,False,False,False,False
RVTY,153.08,93,8,False,True,False,False
RXO,28.52,93,8,False,True,False,True
SNOW,335.9,93,8,False,False,False,False
VSAT,75.14,93,8,False,False,False,False
AMRX,20.33,92,8,False,True,False,False
ANF,141.15,92,7,False,False,False,False
ATI,194.71,92,7,False,False,False,False
AVTR,15.53,92,7,False,True,False,False
ERO,38.05,92,7,True,False,False,False
ESTC,95.0,92,7,False,False,False,False
HALO,109.43,92,8,False,False,False,False
LRCX,332.76,92,8,False,False,False,False
MATX,223.62,92,8,False,False,False,False
NEO,16.6,92,7,False,False,False,True
OGN,13.73,92,8,True,True,False,False
ONTO,312.21,92,8,False,False,False,False
PAYC,221.21,92,8,False,False,False,False
PDFS,54.53,92,8,False,True,False,False
ZBRA,388.13,92,8,False,False,False,False
APA,44.1,91,8,False,False,False,False
ENTG,166.26,91,8,False,True,False,False
FIX,1812.2,91,7,False,True,False,False
HPQ,31.89,91,8,False,False,False,False
HUT,91.69,91,7,False,False,False,False
NEOG,11.94,91,7,False,False,False,True
PTEN,11.35,91,7,False,False,False,True
ROG,156.21,91,8,False,False,False,False
SANM,228.29,91,8,False,True,False,False
SMCI,43.4,91,7,False,True,False,False
SNX,280.17,91,8,False,False,False,False
TENB,39.41,91,8,False,True,False,False
VAC,104.05,91,7,False,False,False,False
BJRI,60.91,90,7,False,False,False,False
BTSG,63.36,90,8,False,False,False,False
CRGY,13.6,90,8,False,False,False,False
DAVE,342.25,90,6,False,False,False,True
DGII,73.65,90,7,False,False,False,True
DT,61.22,90,8,False,False,False,False
DXPE,190.93,90,8,False,False,False,False
NHC,227.41,90,8,False,True,False,False
NVT,173.28,90,8,False,True,False,False
PTGX,137.94,90,7,False,False,False,False
ROIV,35.3,90,7,False,False,False,False
SEI,79.59,90,7,False,False,False,True
WCC,384.35,90,8,False,True,False,False
ZIM,29.26,90,8,False,False,False,False
ANET,215.3,89,8,False,False,False,False
GEO,30.08,89,7,False,False,False,True
GLW,168.82,89,6,False,True,False,False
HUM,406.84,89,8,False,True,False,False
IESC,341.45,89,8,False,False,False,False
ITGR,126.51,89,8,True,True,False,False
KN,38.98,89,8,False,True,False,False
LFUS,452.92,89,8,False,True,False,False
NTNX,73.25,89,8,False,True,False,False
NUE,250.88,89,7,False,False,False,False
OII,44.94,89,7,False,False,False,False
PEB,18.92,89,8,False,True,False,False
PLXS,273.27,89,8,False,False,False,False
RAL,74.15,89,8,False,True,False,False
SBLK,29.82,89,8,False,False,False,False
TGT,154.31,89,7,False,False,False,False
VIRT,62.01,89,8,False,False,False,False
CNC,64.54,88,7,False,False,False,False
CRDO,219.4,88,7,False,False,False,False
CSCO,118.1,88,8,False,False,False,False
CXW,31.72,88,7,False,False,False,True
FCX,72.6,88,8,False,False,False,False
FFIV,468.36,88,8,False,False,False,False
GKOS,161.88,88,7,False,False,False,False
HBM,27.05,88,8,False,False,False,False
LSCC,134.31,88,7,False,True,False,False
PR,22.32,88,8,False,False,False,False
PWR,717.84,88,7,False,True,False,False
SM,34.99,88,8,False,False,False,False
TXN,296.56,88,8,False,True,False,False
VEEV,284.12,88,7,False,True,False,False
ADI,420.34,87,8,False,True,False,False
MSM,130.68,87,8,False,True,False,False
PK,15.21,87,8,False,True,False,False
QRVO,114.17,87,8,False,False,False,False
SCCO,204.94,87,8,False,False,False,False
STNG,86.19,87,8,False,True,False,False
SWKS,82.42,87,8,False,False,False,False
SYNA,119.3,87,7,False,True,False,False
TALO,16.77,87,8,False,False,False,False
TSM,481.86,87,8,False,True,False,False
UFPT,300.91,87,8,False,False,False,False
VTRS,17.56,87,8,False,True,False,False
WKC,36.73,87,8,False,False,False,False
BRKR,60.69,86,8,False,False,False,False
CGNX,66.19,86,8,False,False,False,False
DAR,61.32,86,7,False,False,False,False
HP,39.6,86,7,False,False,False,False
MPWR,1469.61,86,7,False,False,False,False
MSGS,401.47,86,8,False,False,False,False
PBI,16.5,86,7,False,False,False,False
PTC,193.01,86,5,False,True,False,True
RELY,23.16,86,7,False,False,False,False
TECK,67.25,86,8,False,False,False,False
TRGP,285.66,86,8,False,False,False,False
VRNS,49.1,86,8,False,False,False,False
WHD,64.08,86,7,False,False,False,False
A,169.19,85,7,False,True,False,False
BFH,97.99,85,7,False,False,False,False
CNH,13.28,85,8,False,False,False,False
DRH,12.35,85,7,False,False,False,True
EXPD,191.97,85,8,False,True,False,False
GSAT,83.64,85,8,False,True,False,False
IQV,261.08,85,7,False,False,False,False
KNTK,54.19,85,8,False,False,False,False
LGND,296.23,85,8,False,False,False,False
LNTH,100.08,85,7,False,False,False,False
NDSN,334.81,85,8,False,True,False,False
PI,185.39,85,7,False,True,False,False
ROKU,152.12,85,7,True,False,False,True
STLD,238.47,85,7,False,False,False,False
SXT,131.62,85,8,False,False,False,False
TGTX,51.81,85,7,False,False,False,True
APLE,16.31,84,8,False,True,False,False
CLS,385.23,84,7,False,True,False,False
CNK,35.27,84,7,False,False,False,False
CPAY,405.29,84,8,False,False,False,False
DE,682.27,84,8,False,False,False,False
MOG-A,374.12,84,7,False,False,False,False
MRK,141.35,84,7,False,False,False,False
MT,65.39,84,7,False,False,False,False
ON,86.22,84,5,False,True,False,False
OVV,61.48,84,7,False,False,False,False
PLTR,192.93,84,7,False,True,False,False
THC,259.58,84,7,True,False,False,False
ZD,54.71,84,7,False,False,False,True
ACA,146.66,83,8,False,True,False,False
AMG,381.36,83,8,False,True,False,False
APH,88.26,83,8,False,False,False,False
DOCU,67.72,83,7,False,False,False,False
GEV,1032.33,83,7,False,False,False,False
LTH,40.33,83,7,False,False,False,False
MANH,203.61,83,7,False,False,False,True
MSFT,531.34,83,7,False,True,False,False
SLAB,222.64,83,8,False,True,False,False
BIO,369.14,82,8,False,False,False,False
CHRD,137.43,82,7,False,False,False,False
EZPW,30.83,82,7,False,False,False,False
JCI,158.35,82,8,False,False,False,False
JXN,132.19,82,8,False,False,False,False
MSTR,164.12,82,4,False,True,False,True
NEU,921.64,82,8,False,False,False,False
NPO,329.27,82,8,False,False,False,False
NVDA,239.09,82,8,False,True,False,False
RGEN,174.37,82,7,False,False,False,False
RS,403.07,82,8,False,False,False,False
TDW,81.83,82,7,False,False,False,False
WST,372.41,82,8,False,True,False,False
ARMK,55.46,81,7,False,False,False,False
ASH,70.53,81,7,False,False,False,False
BOX,35.02,81,8,False,True,False,False
CAT,863.76,81,7,False,False,False,False
EXEL,57.96,81,8,True,False,False,False
FLYW,18.06,81,8,False,False,False,False
IEX,236.46,81,8,False,True,False,False
NTCT,40.9,81,8,False,True,False,False
STT,175.43,81,7,False,False,False,False
TMO,657.47,81,7,False,True,False,False
TPC,88.98,81,8,False,False,False,False
WAB,291.55,81,8,False,False,False,False
WAT,436.64,81,7,False,True,False,False
WBD,30.95,81,7,False,True,False,False
XOM,164.82,81,8,True,True,False,False
AIT,345.71,80,8,False,False,False,False
AVNT,41.44,80,7,False,False,False,False
BEN,32.54,80,7,False,False,False,False
BIIB,223.39,80,8,False,True,False,False
COKE,194.99,80,8,False,True,False,False
CVLT,155.0,80,8,False,False,False,False
CVX,207.9,80,8,True,True,False,False
DV,13.48,80,8,True,True,False,False
GEF,82.15,80,7,False,False,False,False
KSS,19.59,80,6,False,True,False,False
LXP,60.95,80,8,False,True,False,False
PAA,24.07,80,7,False,False,False,False
VOYA,97.87,80,7,False,False,False,False
ABNB,160.73,79,7,False,False,False,False
ACHC,28.83,79,7,False,False,False,False
AMGN,402.29,79,7,False,False,False,False
COP,129.22,79,8,False,False,False,False
CRBG,35.03,79,7,False,False,False,False
CROX,119.47,79,7,False,False,False,False
DBX,33.48,79,7,False,False,False,False
EQH,54.23,79,8,False,False,False,False
JAZZ,231.22,79,7,False,False,False,False
KRYS,326.47,79,7,False,False,False,False
NOVT,149.3,79,8,False,False,False,False
OPCH,31.02,79,5,False,False,True,True
RAMP,37.69,79,7,False,False,False,False
SAIL,20.0,79,7,False,False,False,False
VAL,82.18,79,4,False,False,False,True
WLY,48.14,79,7,False,False,False,False
WSM,242.95,79,8,False,False,False,False
ADM,82.29,78,8,False,False,False,False
CNO,54.06,78,7,False,False,False,False
DXCM,83.07,78,7,False,False,False,True
ETN,443.66,78,8,False,False,False,False
FTDR,78.22,78,7,False,False,False,False
HRMY,39.36,78,6,False,False,False,True
IVZ,30.43,78,7,False,False,False,False
KMX,55.31,78,7,False,False,False,False
PAG,199.0,78,7,False,False,False,False
SHOO,45.45,78,8,False,False,False,False
VG,13.56,78,7,False,False,False,False
AAPL,333.96,77,8,False,False,False,False
BBY,85.28,77,7,False,False,False,True
BDX,180.57,77,7,True,False,False,False
BGC,11.9,77,8,False,False,False,False
BWA,63.37,77,7,False,False,False,False
DVN,48.03,77,8,False,False,False,False
IFF,83.68,77,7,False,False,False,False
MET,97.27,77,8,False,False,False,False
NSP,46.0,77,7,False,False,False,False
RHP,120.75,77,7,False,False,False,False
AME,253.57,76,8,False,False,False,False
DGX,227.08,76,7,False,False,False,False
DNOW,15.96,76,7,False,False,False,False
EMR,161.95,76,7,False,False,False,False
GRMN,279.55,76,7,False,False,False,False
HST,22.46,76,7,False,False,False,False
META,742.09,76,7,False,False,False,False
RGA,250.81,76,8,False,False,False,False
SEIC,103.04,76,7,False,False,False,False
ST,43.83,76,8,False,False,False,False
WSFS,75.87,76,7,False,False,False,False
BAX,24.3,75,7,False,False,False,False
GFF,94.25,75,7,False,False,False,False
INVX,27.72,75,7,False,False,False,False
MTCH,40.6,75,8,False,False,False,False
MTD,1535.05,75,7,False,False,False,False
OXY,58.55,75,8,False,False,False,False
SIG,102.25,75,7,False,False,False,False
SWK,89.92,75,7,False,False,False,False
TRV,360.04,75,7,False,False,False,False
WTS,361.45,75,7,True,False,False,True
ABBV,267.01,74,8,False,False,False,False
CLH,319.06,74,8,False,False,False,False
EOG,144.56,74,8,False,False,False,False
EQIX,1048.39,74,8,False,False,False,False
FBP,26.79,74,7,False,False,False,False
IBKR,91.11,74,8,False,False,False,False
KO,86.37,74,7,False,False,False,False
LTC,42.38,74,8,False,False,False,False
SAIC,124.93,74,7,False,False,False,True
WDAY,186.79,74,5,False,False,False,True
WOR,61.51,74,8,False,False,False,False
DAL,83.36,73,7,False,False,False,False
HAS,91.09,73,6,False,False,False,True
IPAR,113.14,73,7,False,False,False,False
PCTY,146.43,73,5,False,False,False,True
PFG,109.76,73,7,False,False,False,False
SHO,11.19,73,8,False,False,False,False
SXI,295.62,73,8,False,False,False,False
THG,219.73,73,7,False,False,False,False
URI,1080.0,73,8,False,False,False,False
WES,46.37,73,7,False,False,False,False
CHE,509.09,72,7,False,False,False,False
CSX,47.42,72,7,False,False,False,False
EME,822.07,72,7,False,False,False,False
EXTR,24.33,72,7,False,False,False,False
GTES,28.0,72,8,False,False,False,False
PLUS,93.63,72,7,True,False,False,False
PM,189.71,72,8,False,False,False,False
CAH,232.9,71,8,False,False,False,False
HOG,26.8,71,8,False,False,False,False
MD,25.73,71,7,False,False,False,False
PSMT,172.18,71,7,False,False,False,False
SJM,116.63,71,7,False,False,False,False
TTC,98.99,71,8,False,False,False,False
URBN,80.18,71,7,False,False,False,False
ABM,48.45,70,7,False,False,False,False
CACI,603.07,70,6,False,False,False,True
CATY,60.16,70,7,False,False,False,False
FAST,50.99,70,8,False,False,False,False
GILD,143.81,70,8,False,False,False,False
MLI,62.91,70,7,False,False,False,False
MUR,38.01,70,7,False,False,False,False
NIC,163.59,70,7,False,False,False,False
TECH,72.46,70,7,False,False,False,False
UNM,91.76,70,8,False,False,False,False
LNG,273.86,69,7,False,False,False,False
EHC,124.2,68,7,False,False,False,False
NOG,23.97,68,7,False,False,False,False
ALRM,55.74,67,7,False,False,False,False
ROK,450.36,67,7,False,False,False,False
VRSN,292.78,67,7,False,False,False,False
SPNT,24.47,65,7,False,False,False,False
ELV,400.43,64,7,False,False,False,False
LAUR,38.19,63,7,False,False,False,False
CR,209.2,61,7,False,False,False,False
AFRM,74.79,59,7,False,False,False,False
