theme,ticker,close,r1d,r1w,r1m,r3m,ytd
Genomics,ABSI,9.28,-9.59,-13.79,4.21,-19.05,166.05
Genomics,RXRX,4.41,-4.75,6.78,28.2,17.29,7.82
Genomics,CDNA,63.95,0.25,-1.62,27.11,119.68,239.44
Genomics,GH,168.98,-1.0,-5.26,4.97,2.98,65.43
Genomics,MYGN,4.26,-0.58,-1.28,33.81,-30.25,-30.81
Genomics,NTRA,399.65,-0.25,-3.31,23.3,41.8,74.45
Genomics,VCYT,43.46,-2.67,-5.6,2.38,-26.71,3.23
Genomics,WGS,69.5,-2.82,-3.87,-19.06,0.16,-46.56
Genomics,BEAM,24.93,-1.19,1.96,-7.08,-30.4,-10.06
Genomics,CRBU,0.61,-46.42,-52.12,-60.51,-68.65,-61.75
Genomics,CRSP,53.32,-1.26,-3.62,-2.67,-5.36,1.68
Genomics,NTLA,12.12,-1.98,0.54,-4.83,-21.47,34.87
Genomics,PRME,3.9,11.43,27.66,9.55,-7.8,12.39
Genomics,RGNX,7.61,2.15,1.06,-13.13,-51.37,-47.15
Genomics,SRPT,17.56,1.44,-3.62,-16.14,-14.42,-18.4
Genomics,TEM,71.61,-0.51,-12.56,11.39,16.44,21.27
Genomics,ALNY,226.58,1.18,-8.17,-12.89,-27.56,-43.02
Genomics,ARWR,61.71,0.28,-5.71,-27.49,-26.54,-7.05
Genomics,IONS,44.03,0.06,-1.4,-22.37,-31.5,-44.35
Genomics,MRNA,196.33,4.73,1.95,39.91,156.44,565.75
Genomics,WVE,3.5,-0.57,-5.41,-28.72,-44.53,-79.41
Genomics,ILMN,270.6,-1.07,-1.13,28.21,39.66,106.31
Genomics,PACB,2.66,-1.48,12.24,101.52,65.22,42.25
Genomics,TXG,77.98,-3.32,-13.7,18.87,80.93,378.11
Genomics,DNA,11.72,-5.56,-8.65,68.88,20.45,41.03
Genomics,VRTX,506.85,0.9,-3.05,-4.17,2.08,11.8
Genomics,QGEN,45.09,-1.23,3.04,6.39,7.38,1.17
Genomics,TECH,72.54,0.14,0.09,0.31,2.06,23.87
Genomics,TMO,661.81,0.8,-1.96,9.83,26.23,14.53
Genomics,TWST,157.49,-5.68,-18.5,22.98,68.13,396.48
Cyber Security,AKAM,105.08,-3.26,-1.19,-0.5,-18.87,20.44
Cyber Security,FFIV,469.15,-0.14,5.38,20.41,9.02,83.79
Cyber Security,RDWR,30.07,-1.86,0.87,7.43,-6.41,24.82
Cyber Security,NET,344.38,-3.0,-0.84,21.13,24.86,74.68
Cyber Security,NTSK,19.33,-1.6,10.81,34.67,55.6,10.18
Cyber Security,ZS,213.05,0.38,6.83,31.56,44.81,-5.28
Cyber Security,GEN,22.48,-1.41,2.08,-24.59,-13.13,-16.07
Cyber Security,CVLT,148.8,-3.99,-0.75,11.58,-1.74,18.7
Cyber Security,RBRK,124.39,-1.12,8.67,35.75,40.16,62.64
Cyber Security,VRNS,48.89,-0.39,3.03,7.55,6.72,49.05
Cyber Security,CLBT,11.33,-0.35,0.62,-1.05,-29.76,-37.16
Cyber Security,BB,9.21,-3.82,1.93,17.08,-19.38,143.12
Cyber Security,CRWD,265.2,-4.9,0.17,26.27,33.67,126.29
Cyber Security,S,25.42,-1.45,7.01,30.85,34.81,69.5
Cyber Security,OKTA,217.51,-0.53,4.02,29.78,46.14,151.54
Cyber Security,OSPN,17.67,-3.86,-1.34,9.75,17.07,41.92
Cyber Security,SAIL,19.62,-1.43,-3.61,10.31,32.15,-2.99
Cyber Security,CHKP,131.77,-0.16,2.66,-0.85,-4.63,-28.99
Cyber Security,FTNT,190.39,-0.46,6.51,20.91,16.28,139.76
Cyber Security,PANW,406.35,-3.23,2.27,20.58,20.11,120.6
Cyber Security,QLYS,191.72,-4.11,2.41,12.56,20.28,44.26
Cyber Security,RPD,12.37,0.81,1.23,18.26,8.41,-18.62
Cyber Security,TENB,38.88,-1.49,6.84,15.37,-6.02,65.24
Blockchain / Decentralized Finance,MSTR,154.3,-6.23,0.79,13.03,64.35,1.55
Blockchain / Decentralized Finance,ETOR,25.45,-3.58,-0.95,-17.59,-36.04,-27.54
Blockchain / Decentralized Finance,GLXY,21.38,-3.5,-6.0,-20.98,-14.84,-4.41
Blockchain / Decentralized Finance,HOOD,109.95,-1.83,-2.27,-6.3,-4.48,-2.79
Blockchain / Decentralized Finance,BMNR,24.64,-5.95,-6.76,-0.52,67.75,-9.24
Blockchain / Decentralized Finance,SBET,8.98,-5.42,-3.18,1.87,68.89,0.5
Blockchain / Decentralized Finance,BKKT,7.2,-2.04,-7.81,-12.83,-13.98,-28.29
Blockchain / Decentralized Finance,BLSH,32.08,-3.89,-8.05,-9.71,29.35,-15.29
Blockchain / Decentralized Finance,COIN,179.24,-3.5,-3.85,0.17,13.13,-20.74
Blockchain / Decentralized Finance,GEMI,4.4,-5.78,-14.73,-5.98,3.53,-55.65
Blockchain / Decentralized Finance,BTDR,10.3,-5.64,-1.86,-18.75,-28.16,-8.16
Blockchain / Decentralized Finance,CIFR,14.64,-5.58,-7.52,-20.93,-37.08,-0.85
Blockchain / Decentralized Finance,CLSK,11.53,-6.14,-10.44,-14.43,-10.51,13.98
Blockchain / Decentralized Finance,CORZ,15.85,-4.95,-0.78,-15.35,-33.21,8.89
Blockchain / Decentralized Finance,HUT,89.13,-3.35,3.52,-10.41,-16.09,94.01
Blockchain / Decentralized Finance,IREN,38.77,-6.08,-5.16,-17.39,-7.07,2.65
Blockchain / Decentralized Finance,MARA,10.29,-6.2,-9.18,-13.02,-22.16,14.59
Blockchain / Decentralized Finance,RIOT,18.4,-2.8,-8.68,-17.34,-14.46,45.22
Blockchain / Decentralized Finance,WULF,14.39,-3.91,-2.8,-19.46,-38.0,25.2
Blockchain / Decentralized Finance,CRCL,81.25,-3.42,-1.12,-15.52,28.95,2.46
Blockchain / Decentralized Finance,FIGR,27.99,2.34,-2.98,-26.85,-14.64,-31.46
Blockchain / Decentralized Finance,EXOD,6.61,-3.58,-7.75,-10.85,30.72,-55.28
Fintech / Digital Payments,BILL,44.54,1.32,4.7,-6.43,9.92,-18.34
Fintech / Digital Payments,CPAY,402.84,-0.97,3.66,-1.03,14.72,33.87
Fintech / Digital Payments,AFRM,75.39,0.68,8.9,4.59,-10.01,1.29
Fintech / Digital Payments,KLAR,13.26,0.08,7.02,-7.01,-33.67,-54.13
Fintech / Digital Payments,MQ,17.26,4.32,1.59,6.18,11.32,-9.13
Fintech / Digital Payments,FLYW,18.28,0.35,4.45,1.71,1.43,29.08
Fintech / Digital Payments,PAYO,7.16,0.14,0.28,0.42,0.99,27.4
Fintech / Digital Payments,RELY,23.07,-0.57,8.1,-7.09,-2.08,67.17
Fintech / Digital Payments,HOOD,109.95,-1.83,-2.27,-6.3,-4.48,-2.79
Fintech / Digital Payments,FIGR,27.99,2.34,-2.98,-26.85,-14.64,-31.46
Fintech / Digital Payments,PGY,18.3,1.39,5.66,-17.12,2.58,-12.44
Fintech / Digital Payments,UPST,23.91,0.21,4.0,-11.38,-28.05,-45.32
Fintech / Digital Payments,FOUR,39.26,1.97,8.54,-7.16,-20.35,-37.65
Fintech / Digital Payments,GPN,81.93,0.17,0.32,-8.12,10.46,6.91
Fintech / Digital Payments,PYPL,55.22,1.11,5.11,3.83,22.13,-4.59
Fintech / Digital Payments,STNE,11.66,0.39,24.89,16.42,6.43,-4.53
Fintech / Digital Payments,TOST,31.02,2.56,7.02,-6.8,7.54,-12.63
Fintech / Digital Payments,XYZ,76.26,-0.37,3.71,-4.79,-1.5,17.16
Fintech / Digital Payments,CHYM,27.85,0.74,4.56,-13.79,30.71,10.67
Fintech / Digital Payments,DAVE,347.1,1.15,7.96,-7.78,-11.03,56.77
Fintech / Digital Payments,NU,15.68,0.1,23.82,2.25,14.67,-6.36
Fintech / Digital Payments,SOFI,15.66,-0.6,-0.35,-13.02,-15.87,-40.16
Fintech / Digital Payments,MA,573.35,1.19,3.97,0.43,9.59,0.93
Fintech / Digital Payments,V,373.99,0.9,4.08,1.45,7.61,7.28
Cloud Computing,NET,344.38,-3.0,-0.84,21.13,24.86,74.68
Cloud Computing,TWLO,275.17,-1.87,-5.91,21.81,25.88,93.45
Cloud Computing,MDB,362.78,0.57,4.06,1.9,-0.02,-13.56
Cloud Computing,SNOW,334.72,-0.37,-1.43,-0.23,25.13,52.59
Cloud Computing,FROG,98.36,-0.15,1.37,13.42,3.0,57.48
Cloud Computing,GTLB,52.32,1.34,10.73,10.97,54.52,39.41
Cloud Computing,TEAM,196.65,1.37,9.68,11.46,116.78,21.28
Cloud Computing,FSLY,25.32,-0.74,-1.36,17.82,24.55,148.72
Cloud Computing,AMZN,259.66,1.31,4.22,1.05,5.11,12.49
Cloud Computing,DOCN,129.04,-1.5,-3.26,1.85,-8.38,168.16
Cloud Computing,GOOGL,348.93,0.36,1.41,3.12,-2.71,11.7
Cloud Computing,MSFT,530.82,0.29,3.49,7.46,38.36,10.46
Cloud Computing,ORCL,144.22,-0.38,5.04,-11.26,0.35,-25.29
Cloud Computing,CRWV,87.85,-4.22,0.84,-12.0,-2.06,22.68
Cloud Computing,NBIS,235.32,-5.83,-0.24,-3.51,8.84,181.12
Cloud Computing,DDOG,272.59,-2.03,-0.46,29.66,1.33,100.45
Cloud Computing,DT,59.9,-1.88,3.75,19.12,32.45,38.22
Cloud Computing,ESTC,94.26,-0.36,2.79,6.6,51.89,24.95
Cloud Computing,CRM,226.31,0.59,-1.42,-9.0,39.51,-13.99
Cloud Computing,HUBS,222.09,2.3,8.34,-7.63,7.83,-44.66
Cloud Computing,NOW,139.27,0.94,3.93,3.77,27.96,-9.09
Cloud Computing,PCOR,55.01,1.14,6.36,-2.08,24.97,-24.37
Cloud Computing,VEEV,284.72,0.43,-0.26,7.51,50.09,27.55
Cloud Computing,WDAY,186.4,-0.08,-2.13,0.06,34.74,-13.22
Robotics & Automation,AUR,5.71,-0.72,3.05,-12.31,-9.1,48.66
Robotics & Automation,MBLY,7.26,-2.88,-1.83,-14.85,-23.87,-30.51
Robotics & Automation,SERV,4.63,-2.94,-0.43,-5.51,-23.34,-55.39
Robotics & Automation,TSLA,377.35,-0.88,6.35,2.49,-7.18,-16.09
Robotics & Automation,EMR,159.7,-1.05,2.97,4.96,16.29,21.69
Robotics & Automation,ROK,441.31,-2.09,1.37,2.84,-5.31,14.52
Robotics & Automation,TER,408.36,-5.1,1.86,9.76,12.62,111.22
Robotics & Automation,CGNX,61.53,-7.26,1.45,-1.12,-6.3,71.74
Robotics & Automation,NOVT,142.88,-4.17,0.49,-4.31,-5.79,20.08
Robotics & Automation,RRX,161.4,-2.98,4.06,-1.2,-22.25,15.69
Robotics & Automation,AMBA,65.14,-4.12,-6.29,2.61,-16.89,-8.05
Robotics & Automation,OUST,41.64,-7.28,3.22,11.07,-12.39,92.42
Robotics & Automation,PATH,13.14,0.27,2.3,-6.25,11.31,-19.86
Robotics & Automation,ISRG,414.27,2.35,1.88,18.31,0.66,-26.85
Robotics & Automation,PRCT,18.14,3.6,-0.44,-15.04,-8.15,-42.34
Robotics & Automation,SYM,43.92,-0.53,4.39,1.42,1.77,-26.19
Robotics & Automation,ZBRA,386.83,0.27,3.62,9.73,41.88,59.31
Quantum Computing,QBTS,15.22,-3.61,-8.15,-13.87,-28.07,-41.8
Quantum Computing,GOOGL,348.93,0.36,1.41,3.12,-2.71,11.7
Quantum Computing,IBM,221.9,0.28,0.9,-4.39,-24.32,-23.56
Quantum Computing,QUBT,7.59,-3.5,-10.24,-7.73,-17.1,-26.07
Quantum Computing,ARQQ,22.45,-4.18,-6.69,-0.62,9.67,2.61
Quantum Computing,LAES,2.35,-3.1,0.21,-4.29,-18.29,-37.96
Quantum Computing,RGTI,14.61,-3.66,-7.15,-7.56,-13.98,-34.02
Quantum Computing,IONQ,41.38,-4.41,-5.65,2.25,-7.57,-7.78
Space,BKSY,21.92,-3.27,2.86,-0.72,-14.21,16.91
Space,PL,17.73,-4.52,8.18,-0.45,-34.82,-10.09
Space,SPIR,10.64,-3.1,-4.83,-12.36,-33.67,41.87
Space,FLY,21.59,-5.41,-6.72,-5.7,-14.58,-3.46
Space,RKLB,71.9,-4.21,3.19,9.15,-12.9,3.07
Space,LUNR,14.43,-4.22,1.3,-8.0,-14.64,-11.12
Space,ASTS,60.21,-4.61,2.3,-8.93,-18.5,-17.1
Space,GILT,9.21,-0.11,-6.69,-7.34,-24.26,-28.83
Space,GSAT,83.52,-0.13,0.76,1.58,4.38,36.83
Space,IRDM,48.38,-1.34,1.01,1.55,-4.08,181.89
Space,VSAT,70.86,-4.73,0.68,-8.86,0.67,105.63
Space,KRMN,31.38,-5.74,-3.21,-20.94,-37.3,-57.11
Space,RDW,10.19,-4.0,-2.35,-9.22,-2.63,34.14
Space,VOYG,28.68,-7.12,-5.19,-19.01,-12.13,9.72
Space,SPCE,3.02,-1.79,0.84,-3.67,15.08,-6.07
Defense Tech / Drones,ESLT,671.26,-2.87,-1.58,-5.26,-11.78,16.47
Defense Tech / Drones,MRCY,79.85,-3.57,-3.8,-4.33,-30.11,9.36
Defense Tech / Drones,BBAI,2.5,-3.1,-5.66,-14.38,-24.7,-53.7
Defense Tech / Drones,PLTR,193.62,0.81,3.51,13.69,50.05,8.93
Defense Tech / Drones,AIRO,6.32,-3.29,-4.46,-13.85,-4.46,-22.8
Defense Tech / Drones,AVAV,138.79,-3.31,-2.41,-6.71,-6.48,-42.62
Defense Tech / Drones,DPRO,4.74,-5.2,-22.04,-21.26,-1.25,-31.41
Defense Tech / Drones,KTOS,41.97,-3.99,-1.7,-12.94,-14.09,-44.72
Defense Tech / Drones,ONDS,7.16,-3.42,-2.37,-6.08,-6.45,-26.67
Defense Tech / Drones,RCAT,6.13,-3.33,-5.13,-29.52,-33.31,-22.72
Defense Tech / Drones,UMAC,22.14,-1.01,-9.58,-14.8,6.78,73.74
Defense Tech / Drones,KRMN,31.38,-5.74,-3.21,-20.94,-37.3,-57.11
Defense Tech / Drones,LHX,235.24,-1.12,-0.65,-8.02,-18.46,-18.88
Defense Tech / Drones,LMT,502.19,-1.55,-1.39,-6.33,-2.5,5.71
Defense Tech / Drones,NOC,475.97,-1.48,-1.55,-8.22,-10.16,-15.51
Defense Tech / Drones,RTX,181.06,-1.22,-2.47,-8.93,-6.94,-0.2
Nuclear / Uranium,CW,504.67,-8.8,-7.2,-11.84,-33.54,-8.35
Nuclear / Uranium,MIR,16.66,2.37,17.95,-1.57,0.39,-28.89
Nuclear / Uranium,ASPI,2.76,-3.33,3.96,-34.72,-46.45,-48.5
Nuclear / Uranium,LEU,146.6,-4.73,5.1,-20.98,-15.53,-39.61
Nuclear / Uranium,LTBR,6.37,-6.87,1.27,-19.26,-25.84,-49.6
Nuclear / Uranium,CEG,299.52,-0.29,17.91,0.16,19.64,-14.84
Nuclear / Uranium,TLN,379.6,1.74,21.4,16.52,-1.26,1.27
Nuclear / Uranium,VST,167.32,4.25,20.94,10.46,6.08,4.17
Nuclear / Uranium,BWXT,141.94,-2.58,3.61,-11.51,-23.97,-17.52
Nuclear / Uranium,GEV,993.59,-3.46,4.53,2.29,-7.6,52.31
Nuclear / Uranium,NNE,15.94,-3.37,0.54,-17.65,-17.39,-33.63
Nuclear / Uranium,OKLO,36.78,-4.58,-0.63,-15.07,-25.34,-48.74
Nuclear / Uranium,SMR,7.53,-6.11,-4.68,-32.65,-16.61,-46.86
Nuclear / Uranium,CCJ,89.13,-4.18,2.84,-12.59,-6.9,-2.58
Nuclear / Uranium,DNN,2.56,-5.72,-1.35,-23.73,-19.4,-3.95
Nuclear / Uranium,EU,1.09,-4.82,0.46,-12.5,-17.8,-56.25
Nuclear / Uranium,NXE,8.94,-5.25,-2.03,-16.42,-5.75,-2.88
Nuclear / Uranium,UEC,9.48,-6.28,0.26,-20.31,-6.74,-18.88
Nuclear / Uranium,URG,1.09,-3.12,0.46,-21.94,-18.42,-21.94
Nuclear / Uranium,UUUU,10.29,-8.61,-6.71,-29.62,-23.72,-29.23
Nuclear / Uranium,UROY,4.16,-2.0,2.85,-13.8,56.79,17.37
Smart Grid / Electrification,BE,287.49,-2.8,3.8,3.71,11.86,230.87
Smart Grid / Electrification,GNRC,219.47,-1.86,6.05,15.38,-6.95,60.94
Smart Grid / Electrification,WCC,364.32,-5.15,1.31,1.3,10.93,49.64
Smart Grid / Electrification,AMSC,31.58,-0.85,8.49,3.75,-15.04,9.73
Smart Grid / Electrification,ETN,428.79,-3.66,-0.21,1.58,5.92,35.75
Smart Grid / Electrification,HUBB,475.73,-1.99,4.88,2.36,-1.69,8.07
Smart Grid / Electrification,NVT,166.63,-4.13,3.9,2.5,5.57,64.18
Smart Grid / Electrification,POWL,197.02,-3.74,6.81,7.96,-16.68,85.65
Smart Grid / Electrification,VRT,243.69,-3.73,0.99,-16.19,-24.75,50.52
Smart Grid / Electrification,EME,778.43,-5.59,3.17,0.68,-0.58,27.44
Smart Grid / Electrification,MTZ,220.85,-3.26,3.38,-10.29,-42.59,1.6
Smart Grid / Electrification,MYRG,310.52,-4.31,6.18,7.76,-27.94,42.11
Smart Grid / Electrification,PRIM,82.13,-3.34,10.21,8.97,-8.06,-33.68
Smart Grid / Electrification,PWR,695.34,-3.37,8.24,8.83,4.08,64.88
Smart Grid / Electrification,ITRI,84.77,-4.1,-1.82,-12.22,-0.26,-8.71
Smart Grid / Electrification,GEV,993.59,-3.46,4.53,2.29,-7.6,52.31
Smart Grid / Electrification,EOSE,3.1,-5.06,0.98,-28.02,-32.42,-72.99
Smart Grid / Electrification,FLNC,7.59,-5.54,-1.24,-31.3,-54.69,-61.65
Clean Energy / Solar,BE,287.49,-2.8,3.8,3.71,11.86,230.87
Clean Energy / Solar,PLUG,1.78,-4.3,-8.25,-21.24,-25.21,-9.64
Clean Energy / Solar,ORA,90.08,-3.21,-1.54,-16.56,-18.29,-18.2
Clean Energy / Solar,ENPH,33.03,-2.6,0.12,-14.94,-26.42,3.06
Clean Energy / Solar,SEDG,32.6,-4.23,2.29,-10.51,-40.47,13.0
Clean Energy / Solar,BEP,29.31,-0.37,4.16,-8.78,-10.02,12.57
Clean Energy / Solar,CWEN,30.36,-1.2,3.72,-8.31,-7.64,-5.13
Clean Energy / Solar,NEE,77.03,-1.1,1.7,-8.12,-10.9,-1.96
Clean Energy / Solar,RUN,7.59,-2.38,-2.38,-17.73,-39.13,-58.78
Clean Energy / Solar,SHLS,8.4,-1.12,3.64,13.14,-16.72,-1.24
Clean Energy / Solar,CSIQ,11.08,-3.99,-3.82,-20.12,-26.08,-53.39
Clean Energy / Solar,FSLR,179.18,-0.34,2.3,-15.98,-21.58,-31.41
Clean Energy / Solar,JKS,8.74,-3.85,-8.1,-29.69,-44.19,-63.3
Clean Energy / Solar,FLNC,7.59,-5.54,-1.24,-31.3,-54.69,-61.65
Clean Energy / Solar,ARRY,3.83,-5.67,-4.96,-18.51,-40.71,-58.46
Clean Energy / Solar,NXT,85.4,-3.05,9.59,-0.06,-24.23,-1.96
EV / Batteries / Lithium,ENVX,2.59,-4.26,-10.86,-25.5,-52.13,-64.64
EV / Batteries / Lithium,CHPT,8.27,-4.59,-17.94,-11.72,43.11,24.57
EV / Batteries / Lithium,EVGO,1.27,-3.41,1.19,-9.57,-28.77,-56.19
EV / Batteries / Lithium,LCID,3.87,-7.09,-5.04,-16.52,-33.7,-63.43
EV / Batteries / Lithium,LI,10.99,0.92,-3.26,-11.8,-7.72,-35.09
EV / Batteries / Lithium,NIO,3.53,1.44,2.92,-6.86,-26.15,-30.78
EV / Batteries / Lithium,RIVN,14.26,-1.72,-4.55,-11.81,-21.3,-27.65
EV / Batteries / Lithium,TSLA,377.35,-0.88,6.35,2.49,-7.18,-16.09
EV / Batteries / Lithium,XPEV,9.56,-0.05,-0.05,-12.58,-26.39,-52.88
EV / Batteries / Lithium,ALB,103.32,-2.85,-2.33,-19.99,-19.27,-26.34
EV / Batteries / Lithium,LAC,2.4,-5.31,-8.56,-19.83,-32.44,-44.84
EV / Batteries / Lithium,SGML,9.77,0.67,3.99,-6.28,-17.3,-25.89
EV / Batteries / Lithium,SQM,64.5,-2.52,-0.56,-14.74,-11.27,-3.36
EV / Batteries / Lithium,MP,46.22,-4.75,-2.25,-16.52,-10.61,-8.5
EV / Batteries / Lithium,QS,4.49,-3.33,-3.23,-19.59,-34.95,-56.86
EV / Batteries / Lithium,SLDP,2.38,1.28,0.21,-7.39,-0.83,-44.0
Obesity / GLP-1,MDGL,494.89,-0.31,-1.8,-7.35,-11.63,-15.02
Obesity / GLP-1,LLY,1193.25,3.09,3.13,6.17,-1.81,11.57
Obesity / GLP-1,NVO,38.19,1.76,0.74,-15.43,-20.87,-21.19
Obesity / GLP-1,ALT,2.69,0.94,-5.77,-19.79,-13.62,-25.35
Obesity / GLP-1,AMGN,412.71,2.51,-2.09,4.97,14.17,28.67
Obesity / GLP-1,GPCR,26.89,-2.11,-14.01,-33.41,-51.23,-61.34
Obesity / GLP-1,VKTX,28.67,1.02,-12.06,-14.88,-30.31,-18.5
Obesity / GLP-1,RYTM,90.01,-0.84,-5.47,-11.58,-22.06,-15.91
Obesity / GLP-1,HIMS,29.78,1.05,-0.03,5.72,-15.99,-8.28
Video Games / Esports,U,45.72,1.71,11.7,6.95,48.78,3.51
Video Games / Esports,CRSR,13.67,0.22,1.26,11.5,43.14,130.13
Video Games / Esports,LOGI,102.75,0.33,1.74,6.03,2.74,4.22
Video Games / Esports,SONY,23.5,-1.49,-0.15,-0.15,12.26,-8.22
Video Games / Esports,RBLX,46.3,1.62,9.28,3.3,-17.95,-42.86
Video Games / Esports,NTES,120.64,1.31,-0.43,0.99,-9.55,-10.59
Video Games / Esports,PLTK,2.31,0.87,7.94,4.05,-38.24,-41.52
Video Games / Esports,SE,94.88,-1.71,-2.55,-16.28,-13.04,-25.63
Video Games / Esports,TTWO,204.73,1.09,-1.33,-4.01,-16.81,-20.04
Water,FELE,97.42,-1.85,1.59,-1.73,-3.96,2.79
Water,MWA,21.4,-2.55,0.75,-9.93,-13.86,-9.47
Water,PNR,52.44,-0.95,-1.05,-10.55,-29.38,-49.15
Water,WMS,125.83,-3.26,-0.69,-5.87,-14.77,-12.77
Water,WTS,346.68,-4.35,-2.12,-3.96,-0.21,26.27
Water,ZWS,46.3,-3.24,-0.37,-2.18,-0.78,0.27
Water,BMI,124.57,0.68,0.83,-3.16,-13.8,-27.92
Water,ECL,278.18,-0.94,1.31,0.29,2.16,6.82
Water,ERII,6.72,-5.01,0.82,-12.66,-24.69,-50.15
Water,VLTO,95.65,-0.83,1.41,0.26,3.99,-3.72
Water,XYL,102.18,-2.29,0.9,-6.09,-13.73,-24.13
Water,AWK,127.09,-0.74,-1.84,-9.47,-2.0,-0.59
Water,AWR,81.37,-0.23,-1.17,-8.24,-2.37,14.51
Water,CWT,45.27,-0.61,-2.16,-9.22,-7.2,6.8
AI Compute & Networking,ALAB,381.17,-2.21,7.08,31.96,-8.69,129.12
AI Compute & Networking,CRDO,219.45,-0.63,12.66,30.82,-17.39,52.51
AI Compute & Networking,AVGO,373.62,-0.58,6.39,1.56,-6.68,8.55
AI Compute & Networking,MRVL,282.38,-1.61,6.88,25.27,16.1,232.77
AI Compute & Networking,TSM,472.69,-1.99,3.62,7.96,8.47,56.77
AI Compute & Networking,AMD,644.5,-0.76,5.35,27.44,17.88,200.94
AI Compute & Networking,NVDA,236.71,-1.06,3.65,4.98,16.86,27.22
AI Compute & Networking,ARM,297.13,-1.79,2.58,13.61,-9.38,171.82
AI Compute & Networking,MU,1086.25,3.89,1.98,8.6,9.54,280.81
AI Compute & Networking,ANET,216.14,0.36,6.16,10.86,17.03,64.95
AI Compute & Networking,COHR,333.83,-1.34,15.99,10.58,2.01,80.87
AI Compute & Networking,LITE,1112.83,-1.81,14.58,13.72,41.62,201.92
AI Compute & Networking,CLS,370.98,-4.44,2.64,12.43,4.57,25.5
AI Compute & Networking,SMCI,44.9,3.32,9.34,11.54,59.01,53.42
Data Center Physical Layer,FIX,1713.27,-5.76,3.58,3.93,-3.78,83.84
Data Center Physical Layer,PWR,695.34,-3.37,8.24,8.83,4.08,64.88
Data Center Physical Layer,MOD,187.62,-1.2,0.23,-2.46,-22.95,40.53
Data Center Physical Layer,TT,469.4,-1.47,3.85,5.25,-0.32,21.46
Data Center Physical Layer,DLR,181.57,-1.67,3.44,-3.53,1.94,19.76
Data Center Physical Layer,EQIX,1037.33,-0.96,2.55,-0.37,0.72,37.46
Data Center Physical Layer,APH,87.63,-1.12,3.95,7.35,8.19,30.34
Data Center Physical Layer,BE,287.49,-2.8,3.8,3.71,11.86,230.87
Data Center Physical Layer,ETN,428.79,-3.66,-0.21,1.58,5.92,35.75
Data Center Physical Layer,NVT,166.63,-4.13,3.9,2.5,5.57,64.18
Data Center Physical Layer,VRT,243.69,-3.73,0.99,-16.19,-24.75,50.52
AI in Healthcare,RXRX,4.41,-4.75,6.78,28.2,17.29,7.82
AI in Healthcare,SDGR,27.56,-4.64,-11.24,37.59,64.15,54.14
AI in Healthcare,BFLY,8.27,-5.0,-7.76,9.91,3.05,117.5
AI in Healthcare,CERT,9.06,-2.32,-1.58,16.99,33.36,2.78
AI in Healthcare,HTFL,49.87,-1.62,0.24,4.44,79.91,71.08
AI in Healthcare,IRTC,106.29,-0.85,-6.48,-13.05,-9.86,-40.1
AI in Healthcare,HNGE,98.47,0.13,1.27,6.24,9.51,112.0
AI in Healthcare,TEM,71.61,-0.51,-12.56,11.39,16.44,21.27
Medtech / Devices,BSX,42.02,-0.4,-3.73,-6.58,-6.6,-55.93
Medtech / Devices,EW,86.31,-0.2,-0.01,-0.47,-5.5,1.24
Medtech / Devices,DXCM,84.51,1.34,-2.06,-0.02,15.74,27.33
Medtech / Devices,PODD,135.95,0.91,4.2,-4.45,-14.11,-52.17
Medtech / Devices,TNDM,16.32,0.96,0.03,-17.93,6.15,-25.77
Medtech / Devices,MDT,85.94,-1.32,-0.41,-6.22,5.16,-8.24
Medtech / Devices,PEN,317.32,0.08,-0.32,-0.61,-0.2,2.06
Medtech / Devices,GMED,75.31,-1.46,0.55,0.36,-1.73,-13.74
Medtech / Devices,SYK,277.57,-0.23,0.79,0.73,-14.88,-20.35
Medtech / Devices,INSP,68.12,-0.12,-1.79,9.62,32.22,-26.14
Medtech / Devices,ISRG,414.27,2.35,1.88,18.31,0.66,-26.85
Medtech / Devices,TMDX,82.1,2.27,-1.62,-6.99,13.73,-32.51
Aging Population,SCI,77.05,-0.32,1.18,-4.44,1.0,0.16
Aging Population,ALHC,8.56,2.21,4.84,-36.44,-59.32,-56.68
Aging Population,HUM,402.93,-0.33,5.6,-0.04,1.3,58.49
Aging Population,BKD,10.87,-0.28,0.37,-10.09,-28.86,0.74
Aging Population,VTR,80.75,-1.35,-5.02,-9.6,-11.44,6.28
Aging Population,WELL,222.4,-1.5,-3.41,-6.26,-3.83,21.11
Aging Population,ENSG,169.34,-1.58,-1.54,-0.66,0.29,-2.68
Oil & Gas – E&P / Integrated,APA,43.65,-1.02,5.08,0.23,32.04,82.63
Oil & Gas – E&P / Integrated,CHRD,135.26,-1.65,0.88,-8.37,15.17,50.05
Oil & Gas – E&P / Integrated,COP,129.54,0.14,3.5,-4.08,20.72,41.43
Oil & Gas – E&P / Integrated,DVN,47.63,-0.81,3.46,-0.95,14.09,32.49
Oil & Gas – E&P / Integrated,EOG,143.79,-0.34,4.38,-1.08,8.48,40.35
Oil & Gas – E&P / Integrated,FANG,182.4,-1.39,-0.76,-8.64,0.77,23.41
Oil & Gas – E&P / Integrated,MTDR,52.33,-1.09,1.46,-12.44,2.64,26.06
Oil & Gas – E&P / Integrated,MUR,36.78,-2.67,-0.65,-2.13,10.55,21.19
Oil & Gas – E&P / Integrated,OVV,61.23,-0.41,5.9,-4.04,11.74,58.65
Oil & Gas – E&P / Integrated,OXY,57.94,-0.68,4.73,-4.04,11.28,42.87
Oil & Gas – E&P / Integrated,PR,22.08,-1.23,4.52,-6.05,16.58,61.07
Oil & Gas – E&P / Integrated,CVX,205.26,-1.12,0.51,-2.16,18.96,38.44
Oil & Gas – E&P / Integrated,XOM,163.96,-0.32,0.74,2.05,20.05,38.98
Oilfield Services,LBRT,19.54,-2.88,7.24,-8.69,-18.9,6.97
Oilfield Services,BKR,55.23,-3.33,0.6,-13.6,-3.09,22.59
Oilfield Services,HAL,31.68,-3.16,-0.36,-13.9,-6.71,13.67
Oilfield Services,SLB,48.08,-3.85,-1.32,-15.81,2.3,27.32
Oilfield Services,WFRD,76.61,-4.17,-2.63,-18.24,-7.16,-1.28
Oilfield Services,FTI,68.23,-2.38,0.46,-12.7,-3.2,53.44
Oilfield Services,NOV,18.55,-2.37,-0.96,-12.91,1.08,20.82
Oilfield Services,HP,39.52,-0.23,6.41,-9.59,21.35,40.52
Oilfield Services,PTEN,11.22,-1.71,2.7,-11.41,20.26,88.9
Oilfield Services,RIG,5.38,-0.37,2.67,-6.6,4.67,30.27
Oilfield Services,TDW,82.93,1.05,2.26,-9.86,17.36,64.19
Oilfield Services,VAL,81.44,-0.68,3.72,-4.76,6.69,61.59
Midstream / Pipelines,DTM,123.65,-0.76,3.5,-5.05,-15.49,5.37
Midstream / Pipelines,KMI,31.83,-1.01,5.59,-0.45,-0.83,19.11
Midstream / Pipelines,WMB,71.5,-1.23,5.19,-5.03,-4.55,21.57
Midstream / Pipelines,EPD,36.83,-1.17,3.41,-5.16,0.23,20.19
Midstream / Pipelines,MPLX,57.13,-1.11,1.44,-4.51,1.71,13.29
Midstream / Pipelines,PAA,24.01,-0.19,1.24,-7.53,6.99,41.52
Midstream / Pipelines,AM,20.81,-1.58,3.2,-9.15,-6.9,20.85
Midstream / Pipelines,OKE,88.02,-1.36,3.23,-9.73,-0.48,24.31
Midstream / Pipelines,TRGP,283.16,-0.9,4.75,-3.78,4.2,55.74
Midstream / Pipelines,WES,45.6,-1.26,2.77,-7.75,3.66,23.02
Refiners,CVI,57.14,-0.49,12.06,23.89,83.26,126.0
Refiners,DINO,115.93,1.16,8.02,7.04,50.48,157.48
Refiners,DK,75.42,-0.33,5.67,-0.33,34.97,158.37
Refiners,PARR,85.63,-1.47,4.91,4.33,30.65,143.68
Refiners,PBF,83.39,0.62,8.35,8.62,57.01,213.17
Refiners,MPC,440.46,1.87,11.39,10.73,55.9,173.98
Refiners,PSX,271.11,0.49,6.19,4.62,43.58,114.49
Refiners,VLO,422.03,0.67,8.88,10.23,50.64,163.09
Natural Gas / LNG,AR,35.4,-0.88,6.03,-9.4,2.65,2.74
Natural Gas / LNG,EQT,52.08,-0.73,7.26,-5.51,4.18,-1.97
Natural Gas / LNG,EXE,87.49,-0.84,4.04,-10.9,-1.08,-19.33
Natural Gas / LNG,RRC,39.79,-0.57,7.42,-4.79,8.59,13.68
Natural Gas / LNG,LNG,272.33,-1.06,1.23,-1.34,4.45,41.1
Natural Gas / LNG,NEXT,6.64,-2.71,4.65,-11.04,-17.35,26.09
Natural Gas / LNG,VG,12.99,-3.85,2.77,-11.58,3.94,91.5
Gold & Silver Miners,EQX,11.03,-3.08,-0.72,-12.74,13.47,-21.11
Gold & Silver Miners,IAG,18.1,-2.4,-1.66,-9.97,17.03,9.79
Gold & Silver Miners,FNV,237.25,-2.76,-0.36,-10.09,14.2,15.08
Gold & Silver Miners,RGLD,228.72,-2.4,-2.89,-12.31,15.3,3.76
Gold & Silver Miners,WPM,134.31,-2.43,0.44,-13.41,21.54,14.79
Gold & Silver Miners,AEM,181.12,-2.64,-1.17,-10.27,21.8,7.53
Gold & Silver Miners,AU,90.08,-3.71,-4.12,-16.46,10.67,9.4
Gold & Silver Miners,B,39.4,-3.25,-3.13,-10.67,7.38,-8.04
Gold & Silver Miners,GFI,35.17,-2.75,-2.62,-23.77,5.68,-15.21
Gold & Silver Miners,KGC,23.23,-2.46,-3.55,-22.97,-3.9,-17.2
Gold & Silver Miners,NEM,113.87,-2.17,-1.27,-10.4,20.35,14.78
Gold & Silver Miners,AG,16.72,-4.7,-5.51,-19.45,-2.52,0.53
Gold & Silver Miners,CDE,16.55,-3.64,-5.99,-19.92,3.28,-7.1
Gold & Silver Miners,HL,16.47,-3.71,-3.32,-19.53,4.29,-14.15
Gold & Silver Miners,PAAS,44.51,-3.08,-2.21,-12.74,1.22,-13.29
Copper,FCX,71.79,-1.07,2.55,-6.31,18.88,42.35
Copper,SCCO,199.9,-2.13,-1.35,-4.15,16.62,45.81
Copper,TECK,65.3,-2.68,-0.74,-9.14,10.4,36.97
Copper,ERO,36.86,-2.82,0.46,-2.77,47.09,30.29
Copper,HBM,25.97,-3.65,-2.68,-10.47,20.35,30.92
Rare Earths & Critical Minerals,PPTA,20.11,-2.47,-6.77,-18.78,1.57,-16.94
Rare Earths & Critical Minerals,UAMY,3.84,-3.76,-7.91,-29.41,-41.99,-23.51
Rare Earths & Critical Minerals,NB,3.45,-1.99,-4.17,-16.26,-24.51,-34.91
Rare Earths & Critical Minerals,CRML,7.18,-2.45,-1.1,-1.91,-15.23,3.46
Rare Earths & Critical Minerals,MP,46.22,-4.75,-2.25,-16.52,-10.61,-8.5
Rare Earths & Critical Minerals,USAR,13.26,-3.53,-5.86,-24.94,-29.76,11.39
Rare Earths & Critical Minerals,UUUU,10.29,-8.61,-6.71,-29.62,-23.72,-29.23
Rare Earths & Critical Minerals,TMC,3.56,-3.92,-7.42,-19.75,-14.34,-42.38
Steel & Aluminum,AA,42.4,-1.77,0.96,-18.04,-12.79,-19.79
Steel & Aluminum,CENX,35.93,-3.36,-0.14,-25.07,-20.35,-8.3
Steel & Aluminum,KALU,151.2,-1.67,4.41,-9.89,-6.82,33.61
Steel & Aluminum,RS,397.35,-1.03,3.27,-0.24,5.85,38.99
Steel & Aluminum,CLF,12.07,-1.47,9.63,-1.79,28.4,-9.11
Steel & Aluminum,CMC,63.63,-1.97,2.46,-10.08,5.84,-7.26
Steel & Aluminum,MT,62.46,-4.19,-6.41,-19.04,-0.59,38.0
Steel & Aluminum,NUE,248.02,-1.21,6.11,-3.04,11.85,53.32
Steel & Aluminum,STLD,234.88,-1.38,5.99,-2.03,6.02,39.69
Agriculture,CTVA,14.44,3.85,-81.4,-83.18,-82.74,-78.31
Agriculture,FMC,9.09,0.61,1.85,-28.45,-15.83,-33.14
Agriculture,AGCO,108.71,-6.44,-4.84,-14.61,-3.73,5.01
Agriculture,CNH,12.44,-6.29,-3.23,-8.57,20.96,36.17
Agriculture,DE,658.58,-3.55,-1.93,-3.02,11.34,42.58
Agriculture,LNN,112.96,-1.55,0.91,-8.27,1.93,-3.25
Agriculture,CF,114.58,-1.24,-0.54,-14.7,1.01,50.32
Agriculture,MOS,20.03,-4.32,-7.46,-23.84,-2.63,-14.56
Agriculture,NTR,70.01,-1.67,-0.34,-12.56,9.26,16.18
Agriculture,ADM,81.23,-1.19,2.33,-3.87,3.5,44.21
Agriculture,BG,104.45,-2.68,-2.34,-15.69,-7.49,19.38
Infrastructure & Materials,CRH,81.22,-2.85,-1.91,-10.36,-21.86,-34.19
Infrastructure & Materials,EXP,166.13,-3.15,-2.86,-12.71,-19.09,-19.31
Infrastructure & Materials,KNF,50.6,-4.94,0.36,-17.63,-35.39,-28.07
Infrastructure & Materials,MLM,478.0,-2.25,-0.38,-6.64,-16.28,-22.9
Infrastructure & Materials,USLM,110.56,-1.12,-2.25,-5.66,11.51,-7.52
Infrastructure & Materials,VMC,243.05,-2.33,-0.65,-5.9,-15.66,-14.29
Infrastructure & Materials,GVA,114.07,-5.66,-1.59,-4.1,-9.06,-0.81
Infrastructure & Materials,STRL,522.61,-7.29,6.27,4.06,-26.1,70.66
Infrastructure & Materials,ACM,57.68,-4.12,-2.15,-12.66,-15.24,-38.81
Infrastructure & Materials,J,136.52,-1.94,0.93,-5.37,8.76,3.92
Shipping & Logistics,CHRW,135.32,0.2,-8.55,-9.85,-29.5,-14.89
Shipping & Logistics,GXO,45.83,-1.22,3.12,-1.87,-11.38,-12.93
Shipping & Logistics,DAC,165.45,-0.3,7.22,8.08,30.86,79.61
Shipping & Logistics,MATX,223.73,-0.47,1.86,0.2,8.79,82.18
Shipping & Logistics,ZIM,30.0,2.76,2.34,-0.25,24.29,46.1
Shipping & Logistics,SBLK,29.77,-0.28,1.41,-4.01,18.6,65.28
Shipping & Logistics,FDX,289.43,0.14,1.52,-7.5,-6.52,25.81
Shipping & Logistics,UPS,93.24,0.14,-0.21,-7.21,-14.46,-1.54
Shipping & Logistics,FRO,53.63,1.63,8.85,22.79,56.57,182.45
Shipping & Logistics,INSW,117.59,0.97,6.76,19.02,48.9,177.68
Shipping & Logistics,STNG,85.69,-0.62,2.38,4.35,13.03,71.56
Shipping & Logistics,TNK,103.35,2.08,6.48,11.94,49.68,97.92
Shipping & Logistics,ODFL,176.25,-0.99,1.39,-5.75,-21.84,12.88
Shipping & Logistics,XPO,181.41,-1.13,3.09,-4.55,-12.8,33.48
Cannabis / Psychedelics,ACB,4.48,-2.4,14.87,15.76,65.93,6.16
Cannabis / Psychedelics,CGC,0.88,-1.17,-1.72,-8.84,-9.59,-22.75
Cannabis / Psychedelics,CRON,3.28,-0.15,-0.61,2.98,17.99,24.71
Cannabis / Psychedelics,SNDL,1.25,1.96,-2.78,-12.91,-4.27,-24.45
Cannabis / Psychedelics,TLRY,3.74,-0.93,-0.13,-12.91,-14.69,-58.53
Cannabis / Psychedelics,ATAI,7.35,0.0,0.14,1.66,,1.8
Cannabis / Psychedelics,CMPS,11.73,1.43,-5.75,-16.49,-13.79,69.93
