theme,subtheme,ticker,company,exposure
Genomics,AI drug discovery,ABSI,Absci,Pure-play
Genomics,AI drug discovery,RXRX,Recursion Pharmaceuticals,Pure-play
Genomics,Diagnostics,CDNA,CareDx,Pure-play
Genomics,Diagnostics,GH,Guardant Health,Pure-play
Genomics,Diagnostics,MYGN,Myriad Genetics,Pure-play
Genomics,Diagnostics,NTRA,Natera,Pure-play
Genomics,Diagnostics,VCYT,Veracyte,Pure-play
Genomics,Diagnostics,WGS,GeneDx,Pure-play
Genomics,Gene editing,BEAM,Beam Therapeutics,Pure-play
Genomics,Gene editing,CRBU,Caribou Biosciences,Pure-play
Genomics,Gene editing,CRSP,CRISPR Therapeutics,Pure-play
Genomics,Gene editing,NTLA,Intellia Therapeutics,Pure-play
Genomics,Gene editing,PRME,Prime Medicine,Pure-play
Genomics,Gene therapy,RGNX,REGENXBIO,Pure-play
Genomics,Gene therapy,SRPT,Sarepta Therapeutics,Major segment
Genomics,Precision medicine data,TEM,Tempus AI,Pure-play
Genomics,RNA therapeutics,ALNY,Alnylam Pharmaceuticals,Pure-play
Genomics,RNA therapeutics,ARWR,Arrowhead Pharmaceuticals,Pure-play
Genomics,RNA therapeutics,IONS,Ionis Pharmaceuticals,Pure-play
Genomics,RNA therapeutics,MRNA,Moderna,Pure-play
Genomics,RNA therapeutics,WVE,Wave Life Sciences,Pure-play
Genomics,Sequencing,ILMN,Illumina,Pure-play
Genomics,Sequencing,PACB,Pacific Biosciences,Pure-play
Genomics,Single-cell & spatial,TXG,10x Genomics,Pure-play
Genomics,Synthetic biology,DNA,Ginkgo Bioworks,Pure-play
Genomics,Therapeutics,VRTX,Vertex Pharmaceuticals,Major segment
Genomics,Tools,QGEN,Qiagen,Pure-play
Genomics,Tools,TECH,Bio-Techne,Major segment
Genomics,Tools,TMO,Thermo Fisher Scientific,Diversified
Genomics,Tools,TWST,Twist Bioscience,Pure-play
Cyber Security,App/edge security,AKAM,Akamai Technologies,Major segment
Cyber Security,App/edge security,FFIV,F5,Major segment
Cyber Security,App/edge security,RDWR,Radware,Pure-play
Cyber Security,Cloud/SASE,NET,Cloudflare,Major segment
Cyber Security,Cloud/SASE,NTSK,Netskope,Pure-play
Cyber Security,Cloud/SASE,ZS,Zscaler,Pure-play
Cyber Security,Consumer security,GEN,Gen Digital,Pure-play
Cyber Security,Data security,CVLT,Commvault Systems,Major segment
Cyber Security,Data security,RBRK,Rubrik,Pure-play
Cyber Security,Data security,VRNS,Varonis Systems,Pure-play
Cyber Security,Digital forensics,CLBT,Cellebrite,Pure-play
Cyber Security,Endpoint,BB,BlackBerry,Major segment
Cyber Security,Endpoint,CRWD,CrowdStrike,Pure-play
Cyber Security,Endpoint,S,SentinelOne,Pure-play
Cyber Security,Identity,OKTA,Okta,Pure-play
Cyber Security,Identity,OSPN,OneSpan,Pure-play
Cyber Security,Identity,SAIL,SailPoint,Pure-play
Cyber Security,Network/Firewall,CHKP,Check Point Software,Pure-play
Cyber Security,Network/Firewall,FTNT,Fortinet,Pure-play
Cyber Security,Network/Firewall,PANW,Palo Alto Networks,Pure-play
Cyber Security,Vulnerability mgmt,QLYS,Qualys,Pure-play
Cyber Security,Vulnerability mgmt,RPD,Rapid7,Pure-play
Cyber Security,Vulnerability mgmt,TENB,Tenable,Pure-play
Blockchain / Decentralized Finance,BTC treasury,MSTR,Strategy,Pure-play
Blockchain / Decentralized Finance,Crypto brokerage,ETOR,eToro Group,Major segment
Blockchain / Decentralized Finance,Crypto brokerage,GLXY,Galaxy Digital,Pure-play
Blockchain / Decentralized Finance,Crypto brokerage,HOOD,Robinhood Markets,Major segment
Blockchain / Decentralized Finance,ETH treasury,BMNR,BitMine Immersion,Pure-play
Blockchain / Decentralized Finance,ETH treasury,SBET,SharpLink Gaming,Pure-play
Blockchain / Decentralized Finance,Exchanges,BKKT,Bakkt Holdings,Pure-play
Blockchain / Decentralized Finance,Exchanges,BLSH,Bullish,Pure-play
Blockchain / Decentralized Finance,Exchanges,COIN,Coinbase,Pure-play
Blockchain / Decentralized Finance,Exchanges,GEMI,Gemini Space Station,Pure-play
Blockchain / Decentralized Finance,Miners,BITF,Bitfarms,Pure-play
Blockchain / Decentralized Finance,Miners,BTDR,Bitdeer Technologies,Pure-play
Blockchain / Decentralized Finance,Miners,CIFR,Cipher Mining,Major segment
Blockchain / Decentralized Finance,Miners,CLSK,CleanSpark,Pure-play
Blockchain / Decentralized Finance,Miners,CORZ,Core Scientific,Major segment
Blockchain / Decentralized Finance,Miners,HUT,Hut 8,Pure-play
Blockchain / Decentralized Finance,Miners,IREN,IREN,Major segment
Blockchain / Decentralized Finance,Miners,MARA,MARA Holdings,Pure-play
Blockchain / Decentralized Finance,Miners,RIOT,Riot Platforms,Pure-play
Blockchain / Decentralized Finance,Miners,WULF,TeraWulf,Major segment
Blockchain / Decentralized Finance,Stablecoins,CRCL,Circle Internet Group,Pure-play
Blockchain / Decentralized Finance,Tokenized assets / on-chain lending,FIGR,Figure Technology Solutions,Pure-play
Blockchain / Decentralized Finance,Wallets/custody,EXOD,Exodus Movement,Pure-play
Fintech / Digital Payments,B2B payments,BILL,BILL Holdings,Pure-play
Fintech / Digital Payments,B2B payments,CPAY,Corpay,Pure-play
Fintech / Digital Payments,BNPL,AFRM,Affirm,Pure-play
Fintech / Digital Payments,BNPL,KLAR,Klarna,Pure-play
Fintech / Digital Payments,Card issuing,MQ,Marqeta,Pure-play
Fintech / Digital Payments,Cross-border,FLYW,Flywire,Pure-play
Fintech / Digital Payments,Cross-border,PAYO,Payoneer,Pure-play
Fintech / Digital Payments,Cross-border,RELY,Remitly,Pure-play
Fintech / Digital Payments,Crypto brokerage,HOOD,Robinhood Markets,Major segment
Fintech / Digital Payments,Lending platforms,FIGR,Figure Technology Solutions,Pure-play
Fintech / Digital Payments,Lending platforms,LC,LendingClub,Pure-play
Fintech / Digital Payments,Lending platforms,PGY,Pagaya Technologies,Pure-play
Fintech / Digital Payments,Lending platforms,UPST,Upstart,Pure-play
Fintech / Digital Payments,Merchant acquiring,FOUR,Shift4 Payments,Pure-play
Fintech / Digital Payments,Merchant acquiring,GPN,Global Payments,Pure-play
Fintech / Digital Payments,Merchant acquiring,PYPL,PayPal,Pure-play
Fintech / Digital Payments,Merchant acquiring,STNE,StoneCo,Pure-play
Fintech / Digital Payments,Merchant acquiring,TOST,Toast,Pure-play
Fintech / Digital Payments,Merchant acquiring,XYZ,Block,Pure-play
Fintech / Digital Payments,Neobanks,CHYM,Chime Financial,Pure-play
Fintech / Digital Payments,Neobanks,DAVE,Dave,Pure-play
Fintech / Digital Payments,Neobanks,NU,Nu Holdings,Pure-play
Fintech / Digital Payments,Neobanks,SOFI,SoFi Technologies,Pure-play
Fintech / Digital Payments,Payment rails,MA,Mastercard,Pure-play
Fintech / Digital Payments,Payment rails,V,Visa,Pure-play
Cloud Computing,Cloud/SASE,NET,Cloudflare,Major segment
Cloud Computing,Communications cloud,TWLO,Twilio,Pure-play
Cloud Computing,Data infrastructure,MDB,MongoDB,Pure-play
Cloud Computing,Data infrastructure,SNOW,Snowflake,Pure-play
Cloud Computing,DevOps,FROG,JFrog,Pure-play
Cloud Computing,DevOps,GTLB,GitLab,Pure-play
Cloud Computing,DevOps,TEAM,Atlassian,Pure-play
Cloud Computing,Edge/CDN,FSLY,Fastly,Pure-play
Cloud Computing,Hyperscalers,AMZN,Amazon (AWS),Major segment
Cloud Computing,Hyperscalers,DOCN,DigitalOcean,Pure-play
Cloud Computing,Hyperscalers,GOOGL,Alphabet (GCP),Diversified
Cloud Computing,Hyperscalers,MSFT,Microsoft (Azure),Major segment
Cloud Computing,Hyperscalers,ORCL,Oracle (OCI),Major segment
Cloud Computing,Neoclouds (GPU),CRWV,CoreWeave,Pure-play
Cloud Computing,Neoclouds (GPU),NBIS,Nebius Group,Pure-play
Cloud Computing,Observability,DDOG,Datadog,Pure-play
Cloud Computing,Observability,DT,Dynatrace,Pure-play
Cloud Computing,Observability,ESTC,Elastic,Pure-play
Cloud Computing,SaaS apps,CRM,Salesforce,Pure-play
Cloud Computing,SaaS apps,HUBS,HubSpot,Pure-play
Cloud Computing,SaaS apps,NOW,ServiceNow,Pure-play
Cloud Computing,SaaS apps,PCOR,Procore Technologies,Pure-play
Cloud Computing,SaaS apps,VEEV,Veeva Systems,Pure-play
Cloud Computing,SaaS apps,WDAY,Workday,Pure-play
Robotics & Automation,Autonomous vehicles,AUR,Aurora Innovation,Pure-play
Robotics & Automation,Autonomous vehicles,MBLY,Mobileye,Pure-play
Robotics & Automation,Delivery robots,SERV,Serve Robotics,Pure-play
Robotics & Automation,Humanoids,TSLA,Tesla (Optimus),Diversified
Robotics & Automation,Industrial automation,EMR,Emerson Electric,Major segment
Robotics & Automation,Industrial automation,ROK,Rockwell Automation,Pure-play
Robotics & Automation,Industrial automation,TER,Teradyne,Major segment
Robotics & Automation,Machine vision,CGNX,Cognex,Pure-play
Robotics & Automation,Motion components,NOVT,Novanta,Major segment
Robotics & Automation,Motion components,RRX,Regal Rexnord,Major segment
Robotics & Automation,Perception/lidar,AMBA,Ambarella,Major segment
Robotics & Automation,Perception/lidar,OUST,Ouster,Pure-play
Robotics & Automation,RPA,PATH,UiPath,Pure-play
Robotics & Automation,Surgical robotics,ISRG,Intuitive Surgical,Pure-play
Robotics & Automation,Surgical robotics,PRCT,PROCEPT BioRobotics,Pure-play
Robotics & Automation,Warehouse automation,SYM,Symbotic,Pure-play
Robotics & Automation,Warehouse automation,ZBRA,Zebra Technologies,Major segment
Quantum Computing,Annealing,QBTS,D-Wave Quantum,Pure-play
Quantum Computing,Big-tech programs,GOOGL,Alphabet,Diversified
Quantum Computing,Big-tech programs,IBM,IBM,Diversified
Quantum Computing,Photonic,QUBT,Quantum Computing Inc.,Pure-play
Quantum Computing,Post-quantum security,ARQQ,Arqit Quantum,Pure-play
Quantum Computing,Post-quantum security,LAES,SEALSQ,Major segment
Quantum Computing,Superconducting,RGTI,Rigetti Computing,Pure-play
Quantum Computing,Trapped ion,IONQ,IonQ,Pure-play
Space,Earth observation,BKSY,BlackSky Technology,Pure-play
Space,Earth observation,PL,Planet Labs,Pure-play
Space,Earth observation,SPIR,Spire Global,Pure-play
Space,Launch,FLY,Firefly Aerospace,Pure-play
Space,Launch,RKLB,Rocket Lab,Pure-play
Space,Lunar,LUNR,Intuitive Machines,Pure-play
Space,Satellite comms,ASTS,AST SpaceMobile,Pure-play
Space,Satellite comms,GILT,Gilat Satellite Networks,Pure-play
Space,Satellite comms,GSAT,Globalstar,Pure-play
Space,Satellite comms,IRDM,Iridium Communications,Pure-play
Space,Satellite comms,VSAT,Viasat,Pure-play
Space,Space infrastructure,KRMN,Karman Holdings,Major segment
Space,Space infrastructure,RDW,Redwire,Pure-play
Space,Space infrastructure,VOYG,Voyager Technologies,Pure-play
Space,Space tourism,SPCE,Virgin Galactic,Pure-play
Defense Tech / Drones,Defense electronics,ESLT,Elbit Systems,Pure-play
Defense Tech / Drones,Defense electronics,MRCY,Mercury Systems,Pure-play
Defense Tech / Drones,Defense software,BBAI,BigBear.ai,Pure-play
Defense Tech / Drones,Defense software,PLTR,Palantir,Major segment
Defense Tech / Drones,Drones/UAS,AIRO,AIRO Group,Pure-play
Defense Tech / Drones,Drones/UAS,AVAV,AeroVironment,Pure-play
Defense Tech / Drones,Drones/UAS,DPRO,Draganfly,Pure-play
Defense Tech / Drones,Drones/UAS,KTOS,Kratos Defense,Major segment
Defense Tech / Drones,Drones/UAS,ONDS,Ondas Holdings,Major segment
Defense Tech / Drones,Drones/UAS,RCAT,Red Cat Holdings,Pure-play
Defense Tech / Drones,Drones/UAS,UMAC,Unusual Machines,Pure-play
Defense Tech / Drones,Hypersonics,KRMN,Karman Holdings,Major segment
Defense Tech / Drones,Primes,LHX,L3Harris,Pure-play
Defense Tech / Drones,Primes,LMT,Lockheed Martin,Pure-play
Defense Tech / Drones,Primes,NOC,Northrop Grumman,Pure-play
Defense Tech / Drones,Primes,RTX,RTX,Major segment
Nuclear / Uranium,Components & services,CW,Curtiss-Wright,Major segment
Nuclear / Uranium,Components & services,MIR,Mirion Technologies,Major segment
Nuclear / Uranium,Fuel/enrichment,ASPI,ASP Isotopes,Pure-play
Nuclear / Uranium,Fuel/enrichment,LEU,Centrus Energy,Pure-play
Nuclear / Uranium,Fuel/enrichment,LTBR,Lightbridge,Pure-play
Nuclear / Uranium,Nuclear utilities,CEG,Constellation Energy,Major segment
Nuclear / Uranium,Nuclear utilities,TLN,Talen Energy,Major segment
Nuclear / Uranium,Nuclear utilities,VST,Vistra,Major segment
Nuclear / Uranium,Reactors & SMRs,BWXT,BWX Technologies,Pure-play
Nuclear / Uranium,Reactors & SMRs,GEV,GE Vernova,Major segment
Nuclear / Uranium,Reactors & SMRs,NNE,Nano Nuclear Energy,Pure-play
Nuclear / Uranium,Reactors & SMRs,OKLO,Oklo,Pure-play
Nuclear / Uranium,Reactors & SMRs,SMR,NuScale Power,Pure-play
Nuclear / Uranium,Uranium miners,CCJ,Cameco,Pure-play
Nuclear / Uranium,Uranium miners,DNN,Denison Mines,Pure-play
Nuclear / Uranium,Uranium miners,EU,enCore Energy,Pure-play
Nuclear / Uranium,Uranium miners,NXE,NexGen Energy,Pure-play
Nuclear / Uranium,Uranium miners,UEC,Uranium Energy,Pure-play
Nuclear / Uranium,Uranium miners,URG,Ur-Energy,Pure-play
Nuclear / Uranium,Uranium miners,UUUU,Energy Fuels,Major segment
Nuclear / Uranium,Uranium royalties,UROY,Uranium Royalty,Pure-play
Smart Grid / Electrification,Backup/onsite power,BE,Bloom Energy,Pure-play
Smart Grid / Electrification,Backup/onsite power,GNRC,Generac,Pure-play
Smart Grid / Electrification,Electrical distribution,WCC,WESCO International,Major segment
Smart Grid / Electrification,Electrical equipment,AMSC,American Superconductor,Pure-play
Smart Grid / Electrification,Electrical equipment,ETN,Eaton,Major segment
Smart Grid / Electrification,Electrical equipment,HUBB,Hubbell,Major segment
Smart Grid / Electrification,Electrical equipment,NVT,nVent Electric,Pure-play
Smart Grid / Electrification,Electrical equipment,POWL,Powell Industries,Pure-play
Smart Grid / Electrification,Electrical equipment,VRT,Vertiv,Major segment
Smart Grid / Electrification,Grid construction,EME,EMCOR Group,Major segment
Smart Grid / Electrification,Grid construction,MTZ,MasTec,Major segment
Smart Grid / Electrification,Grid construction,MYRG,MYR Group,Pure-play
Smart Grid / Electrification,Grid construction,PRIM,Primoris Services,Pure-play
Smart Grid / Electrification,Grid construction,PWR,Quanta Services,Pure-play
Smart Grid / Electrification,Metering,ITRI,Itron,Pure-play
Smart Grid / Electrification,Power gen equipment,GEV,GE Vernova,Pure-play
Smart Grid / Electrification,Storage,EOSE,Eos Energy Enterprises,Pure-play
Smart Grid / Electrification,Storage,FLNC,Fluence Energy,Pure-play
Clean Energy / Solar,Fuel cells/Hydrogen,BE,Bloom Energy,Pure-play
Clean Energy / Solar,Fuel cells/Hydrogen,PLUG,Plug Power,Pure-play
Clean Energy / Solar,Geothermal,ORA,Ormat Technologies,Pure-play
Clean Energy / Solar,Inverters,ENPH,Enphase Energy,Pure-play
Clean Energy / Solar,Inverters,SEDG,SolarEdge,Pure-play
Clean Energy / Solar,Renewable utilities,BEP,Brookfield Renewable Partners,Pure-play
Clean Energy / Solar,Renewable utilities,CWEN,Clearway Energy,Pure-play
Clean Energy / Solar,Renewable utilities,NEE,NextEra Energy,Major segment
Clean Energy / Solar,Residential solar,RUN,Sunrun,Pure-play
Clean Energy / Solar,Solar components,SHLS,Shoals Technologies,Pure-play
Clean Energy / Solar,Solar modules,CSIQ,Canadian Solar,Pure-play
Clean Energy / Solar,Solar modules,FSLR,First Solar,Pure-play
Clean Energy / Solar,Solar modules,JKS,JinkoSolar,Pure-play
Clean Energy / Solar,Storage,FLNC,Fluence Energy,Pure-play
Clean Energy / Solar,Trackers,ARRY,Array Technologies,Pure-play
Clean Energy / Solar,Trackers,NXT,Nextracker,Pure-play
EV / Batteries / Lithium,Battery materials,ENVX,Enovix,Pure-play
EV / Batteries / Lithium,Charging,CHPT,ChargePoint,Pure-play
EV / Batteries / Lithium,Charging,EVGO,EVgo,Pure-play
EV / Batteries / Lithium,EV OEMs,LCID,Lucid Group,Pure-play
EV / Batteries / Lithium,EV OEMs,LI,Li Auto,Pure-play
EV / Batteries / Lithium,EV OEMs,NIO,NIO,Pure-play
EV / Batteries / Lithium,EV OEMs,RIVN,Rivian,Pure-play
EV / Batteries / Lithium,EV OEMs,TSLA,Tesla,Major segment
EV / Batteries / Lithium,EV OEMs,XPEV,XPeng,Pure-play
EV / Batteries / Lithium,Lithium producers,ALB,Albemarle,Pure-play
EV / Batteries / Lithium,Lithium producers,LAC,Lithium Americas,Pure-play
EV / Batteries / Lithium,Lithium producers,SGML,Sigma Lithium,Pure-play
EV / Batteries / Lithium,Lithium producers,SQM,Sociedad Quimica y Minera,Major segment
EV / Batteries / Lithium,Rare earths/magnets,MP,MP Materials,Pure-play
EV / Batteries / Lithium,Solid-state batteries,QS,QuantumScape,Pure-play
EV / Batteries / Lithium,Solid-state batteries,SLDP,Solid Power,Pure-play
Obesity / GLP-1,Cardiometabolic (MASH),MDGL,Madrigal Pharmaceuticals,Pure-play
Obesity / GLP-1,Incumbent GLP-1,LLY,Eli Lilly,Major segment
Obesity / GLP-1,Incumbent GLP-1,NVO,Novo Nordisk,Major segment
Obesity / GLP-1,Oral/next-gen pipeline,ALT,Altimmune,Pure-play
Obesity / GLP-1,Oral/next-gen pipeline,AMGN,Amgen,Diversified
Obesity / GLP-1,Oral/next-gen pipeline,GPCR,Structure Therapeutics,Pure-play
Obesity / GLP-1,Oral/next-gen pipeline,TERN,Terns Pharmaceuticals,Pure-play
Obesity / GLP-1,Oral/next-gen pipeline,VKTX,Viking Therapeutics,Pure-play
Obesity / GLP-1,Rare/genetic obesity,RYTM,Rhythm Pharmaceuticals,Pure-play
Obesity / GLP-1,Telehealth distribution,HIMS,Hims & Hers Health,Major segment
Video Games / Esports,Game engines,U,Unity Software,Pure-play
Video Games / Esports,Hardware,CRSR,Corsair Gaming,Pure-play
Video Games / Esports,Hardware,LOGI,Logitech,Major segment
Video Games / Esports,Hardware,SONY,Sony Group,Major segment
Video Games / Esports,Platforms,RBLX,Roblox,Pure-play
Video Games / Esports,Publishers,NTES,NetEase,Major segment
Video Games / Esports,Publishers,PLTK,Playtika,Pure-play
Video Games / Esports,Publishers,SE,Sea Limited (Garena),Major segment
Video Games / Esports,Publishers,TTWO,Take-Two Interactive,Pure-play
Water,Flow/infrastructure equipment,FELE,Franklin Electric,Pure-play
Water,Flow/infrastructure equipment,MWA,Mueller Water Products,Pure-play
Water,Flow/infrastructure equipment,PNR,Pentair,Pure-play
Water,Flow/infrastructure equipment,WMS,Advanced Drainage Systems,Pure-play
Water,Flow/infrastructure equipment,WTS,Watts Water Technologies,Pure-play
Water,Flow/infrastructure equipment,ZWS,Zurn Elkay Water Solutions,Pure-play
Water,Smart metering,BMI,Badger Meter,Pure-play
Water,Treatment & testing,ECL,Ecolab,Major segment
Water,Treatment & testing,ERII,Energy Recovery,Pure-play
Water,Treatment & testing,VLTO,Veralto,Major segment
Water,Treatment & testing,XYL,Xylem,Pure-play
Water,Utilities,AWK,American Water Works,Pure-play
Water,Utilities,AWR,American States Water,Pure-play
Water,Utilities,CWT,California Water Service,Pure-play
AI Compute & Networking,Connectivity,ALAB,Astera Labs,Pure-play
AI Compute & Networking,Connectivity,CRDO,Credo Technology,Pure-play
AI Compute & Networking,Custom silicon,AVGO,Broadcom,Major segment
AI Compute & Networking,Custom silicon,MRVL,Marvell Technology,Pure-play
AI Compute & Networking,Foundry,TSM,Taiwan Semiconductor,Major segment
AI Compute & Networking,GPUs/accelerators,AMD,Advanced Micro Devices,Major segment
AI Compute & Networking,GPUs/accelerators,NVDA,NVIDIA,Pure-play
AI Compute & Networking,IP/architecture,ARM,Arm Holdings,Major segment
AI Compute & Networking,Memory,MU,Micron Technology,Major segment
AI Compute & Networking,Networking,ANET,Arista Networks,Pure-play
AI Compute & Networking,Optics,COHR,Coherent,Major segment
AI Compute & Networking,Optics,LITE,Lumentum,Pure-play
AI Compute & Networking,Servers,CLS,Celestica,Major segment
AI Compute & Networking,Servers,SMCI,Super Micro Computer,Pure-play
Data Center Physical Layer,Construction,FIX,Comfort Systems USA,Major segment
Data Center Physical Layer,Construction,PWR,Quanta Services,Major segment
Data Center Physical Layer,Cooling,MOD,Modine Manufacturing,Major segment
Data Center Physical Layer,Cooling,TT,Trane Technologies,Major segment
Data Center Physical Layer,Data center REITs,DLR,Digital Realty,Pure-play
Data Center Physical Layer,Data center REITs,EQIX,Equinix,Pure-play
Data Center Physical Layer,Interconnect,APH,Amphenol,Major segment
Data Center Physical Layer,Onsite power,BE,Bloom Energy,Major segment
Data Center Physical Layer,Power & cooling,ETN,Eaton,Major segment
Data Center Physical Layer,Power & cooling,NVT,nVent Electric,Major segment
Data Center Physical Layer,Power & cooling,VRT,Vertiv,Pure-play
AI in Healthcare,AI drug discovery,RXRX,Recursion Pharmaceuticals,Pure-play
AI in Healthcare,AI drug discovery,SDGR,Schrödinger,Pure-play
AI in Healthcare,AI imaging,BFLY,Butterfly Network,Pure-play
AI in Healthcare,Biosimulation,CERT,Certara,Pure-play
AI in Healthcare,Cardiac AI,HTFL,HeartFlow,Pure-play
AI in Healthcare,Cardiac AI,IRTC,iRhythm Technologies,Pure-play
AI in Healthcare,Digital care,HNGE,Hinge Health,Pure-play
AI in Healthcare,Precision medicine data,TEM,Tempus AI,Pure-play
Medtech / Devices,Cardio/structural heart,BSX,Boston Scientific,Pure-play
Medtech / Devices,Cardio/structural heart,EW,Edwards Lifesciences,Pure-play
Medtech / Devices,Diabetes tech,DXCM,DexCom,Pure-play
Medtech / Devices,Diabetes tech,PODD,Insulet,Pure-play
Medtech / Devices,Diabetes tech,TNDM,Tandem Diabetes Care,Pure-play
Medtech / Devices,Diversified medtech,MDT,Medtronic,Pure-play
Medtech / Devices,Neurovascular,PEN,Penumbra,Pure-play
Medtech / Devices,Ortho/surgical,GMED,Globus Medical,Pure-play
Medtech / Devices,Ortho/surgical,SYK,Stryker,Pure-play
Medtech / Devices,Sleep apnea,INSP,Inspire Medical Systems,Pure-play
Medtech / Devices,Surgical robotics,ISRG,Intuitive Surgical,Pure-play
Medtech / Devices,Transplant,TMDX,TransMedics,Pure-play
Aging Population,Deathcare,SCI,Service Corporation International,Pure-play
Aging Population,Medicare Advantage,ALHC,Alignment Healthcare,Pure-play
Aging Population,Medicare Advantage,HUM,Humana,Pure-play
Aging Population,Senior housing,BKD,Brookdale Senior Living,Pure-play
Aging Population,Senior housing,VTR,Ventas,Major segment
Aging Population,Senior housing,WELL,Welltower,Pure-play
Aging Population,Skilled nursing,ENSG,Ensign Group,Pure-play
Oil & Gas – E&P / Integrated,E&P,APA,APA Corp,Pure-play
Oil & Gas – E&P / Integrated,E&P,CHRD,Chord Energy,Pure-play
Oil & Gas – E&P / Integrated,E&P,COP,ConocoPhillips,Pure-play
Oil & Gas – E&P / Integrated,E&P,DVN,Devon Energy,Pure-play
Oil & Gas – E&P / Integrated,E&P,EOG,EOG Resources,Pure-play
Oil & Gas – E&P / Integrated,E&P,FANG,Diamondback Energy,Pure-play
Oil & Gas – E&P / Integrated,E&P,MTDR,Matador Resources,Pure-play
Oil & Gas – E&P / Integrated,E&P,MUR,Murphy Oil,Pure-play
Oil & Gas – E&P / Integrated,E&P,OVV,Ovintiv,Pure-play
Oil & Gas – E&P / Integrated,E&P,OXY,Occidental Petroleum,Pure-play
Oil & Gas – E&P / Integrated,E&P,PR,Permian Resources,Pure-play
Oil & Gas – E&P / Integrated,Integrated,CVX,Chevron,Pure-play
Oil & Gas – E&P / Integrated,Integrated,XOM,Exxon Mobil,Pure-play
Oilfield Services,Completions,LBRT,Liberty Energy,Pure-play
Oilfield Services,Diversified services,BKR,Baker Hughes,Major segment
Oilfield Services,Diversified services,HAL,Halliburton,Pure-play
Oilfield Services,Diversified services,SLB,SLB,Pure-play
Oilfield Services,Diversified services,WFRD,Weatherford International,Pure-play
Oilfield Services,Equipment,FTI,TechnipFMC,Pure-play
Oilfield Services,Equipment,NOV,NOV,Pure-play
Oilfield Services,Land drilling,HP,Helmerich & Payne,Pure-play
Oilfield Services,Land drilling,PTEN,Patterson-UTI,Pure-play
Oilfield Services,Offshore,RIG,Transocean,Pure-play
Oilfield Services,Offshore,TDW,Tidewater,Pure-play
Oilfield Services,Offshore,VAL,Valaris,Pure-play
Midstream / Pipelines,Gas pipelines,DTM,DT Midstream,Pure-play
Midstream / Pipelines,Gas pipelines,KMI,Kinder Morgan,Pure-play
Midstream / Pipelines,Gas pipelines,WMB,Williams Companies,Pure-play
Midstream / Pipelines,MLPs,EPD,Enterprise Products Partners,Pure-play
Midstream / Pipelines,MLPs,ET,Energy Transfer,Pure-play
Midstream / Pipelines,MLPs,MPLX,MPLX,Pure-play
Midstream / Pipelines,MLPs,PAA,Plains All American,Pure-play
Midstream / Pipelines,NGL/gathering,AM,Antero Midstream,Pure-play
Midstream / Pipelines,NGL/gathering,OKE,ONEOK,Pure-play
Midstream / Pipelines,NGL/gathering,TRGP,Targa Resources,Pure-play
Midstream / Pipelines,NGL/gathering,WES,Western Midstream,Pure-play
Refiners,Independent refiners,CVI,CVR Energy,Major segment
Refiners,Independent refiners,DINO,HF Sinclair,Pure-play
Refiners,Independent refiners,DK,Delek US,Pure-play
Refiners,Independent refiners,PARR,Par Pacific,Pure-play
Refiners,Independent refiners,PBF,PBF Energy,Pure-play
Refiners,Large refiners,MPC,Marathon Petroleum,Pure-play
Refiners,Large refiners,PSX,Phillips 66,Major segment
Refiners,Large refiners,VLO,Valero Energy,Pure-play
Natural Gas / LNG,Gas producers,AR,Antero Resources,Pure-play
Natural Gas / LNG,Gas producers,CTRA,Coterra Energy,Major segment
Natural Gas / LNG,Gas producers,EQT,EQT,Pure-play
Natural Gas / LNG,Gas producers,EXE,Expand Energy,Pure-play
Natural Gas / LNG,Gas producers,RRC,Range Resources,Pure-play
Natural Gas / LNG,LNG export,LNG,Cheniere Energy,Pure-play
Natural Gas / LNG,LNG export,NEXT,NextDecade,Pure-play
Natural Gas / LNG,LNG export,VG,Venture Global,Pure-play
Gold & Silver Miners,Mid-tier gold,EQX,Equinox Gold,Pure-play
Gold & Silver Miners,Mid-tier gold,IAG,IAMGOLD,Pure-play
Gold & Silver Miners,Royalty/streaming,FNV,Franco-Nevada,Pure-play
Gold & Silver Miners,Royalty/streaming,RGLD,Royal Gold,Pure-play
Gold & Silver Miners,Royalty/streaming,WPM,Wheaton Precious Metals,Pure-play
Gold & Silver Miners,Senior gold,AEM,Agnico Eagle Mines,Pure-play
Gold & Silver Miners,Senior gold,AU,AngloGold Ashanti,Pure-play
Gold & Silver Miners,Senior gold,B,Barrick Mining,Pure-play
Gold & Silver Miners,Senior gold,GFI,Gold Fields,Pure-play
Gold & Silver Miners,Senior gold,KGC,Kinross Gold,Pure-play
Gold & Silver Miners,Senior gold,NEM,Newmont,Pure-play
Gold & Silver Miners,Silver,AG,First Majestic Silver,Pure-play
Gold & Silver Miners,Silver,CDE,Coeur Mining,Pure-play
Gold & Silver Miners,Silver,HL,Hecla Mining,Pure-play
Gold & Silver Miners,Silver,PAAS,Pan American Silver,Pure-play
Copper,Majors,FCX,Freeport-McMoRan,Pure-play
Copper,Majors,SCCO,Southern Copper,Pure-play
Copper,Majors,TECK,Teck Resources,Major segment
Copper,Mid-tier,ERO,Ero Copper,Pure-play
Copper,Mid-tier,HBM,Hudbay Minerals,Pure-play
Rare Earths & Critical Minerals,Antimony,PPTA,Perpetua Resources,Pure-play
Rare Earths & Critical Minerals,Antimony,UAMY,United States Antimony,Pure-play
Rare Earths & Critical Minerals,Niobium/scandium,NB,NioCorp Developments,Pure-play
Rare Earths & Critical Minerals,Rare earths,CRML,Critical Metals,Pure-play
Rare Earths & Critical Minerals,Rare earths,MP,MP Materials,Pure-play
Rare Earths & Critical Minerals,Rare earths,USAR,USA Rare Earth,Pure-play
Rare Earths & Critical Minerals,Rare earths,UUUU,Energy Fuels,Major segment
Rare Earths & Critical Minerals,Seabed nodules,TMC,TMC the metals company,Pure-play
Steel & Aluminum,Aluminum,AA,Alcoa,Pure-play
Steel & Aluminum,Aluminum,CENX,Century Aluminum,Pure-play
Steel & Aluminum,Aluminum,KALU,Kaiser Aluminum,Pure-play
Steel & Aluminum,Distribution,RS,Reliance,Pure-play
Steel & Aluminum,Steel,CLF,Cleveland-Cliffs,Pure-play
Steel & Aluminum,Steel,CMC,Commercial Metals,Pure-play
Steel & Aluminum,Steel,MT,ArcelorMittal,Pure-play
Steel & Aluminum,Steel,NUE,Nucor,Pure-play
Steel & Aluminum,Steel,STLD,Steel Dynamics,Pure-play
Agriculture,Crop science,CTVA,Corteva,Pure-play
Agriculture,Crop science,FMC,FMC,Pure-play
Agriculture,Equipment,AGCO,AGCO,Pure-play
Agriculture,Equipment,CNH,CNH Industrial,Pure-play
Agriculture,Equipment,DE,Deere,Pure-play
Agriculture,Equipment,LNN,Lindsay,Pure-play
Agriculture,Fertilizer,CF,CF Industries,Pure-play
Agriculture,Fertilizer,MOS,Mosaic,Pure-play
Agriculture,Fertilizer,NTR,Nutrien,Pure-play
Agriculture,Grain processing,ADM,Archer-Daniels-Midland,Pure-play
Agriculture,Grain processing,BG,Bunge Global,Pure-play
Infrastructure & Materials,Aggregates/cement,CRH,CRH,Pure-play
Infrastructure & Materials,Aggregates/cement,EXP,Eagle Materials,Pure-play
Infrastructure & Materials,Aggregates/cement,KNF,Knife River,Pure-play
Infrastructure & Materials,Aggregates/cement,MLM,Martin Marietta Materials,Pure-play
Infrastructure & Materials,Aggregates/cement,USLM,United States Lime & Minerals,Pure-play
Infrastructure & Materials,Aggregates/cement,VMC,Vulcan Materials,Pure-play
Infrastructure & Materials,Contractors,GVA,Granite Construction,Pure-play
Infrastructure & Materials,Contractors,STRL,Sterling Infrastructure,Pure-play
Infrastructure & Materials,Engineering,ACM,AECOM,Pure-play
Infrastructure & Materials,Engineering,J,Jacobs Solutions,Pure-play
Shipping & Logistics,Brokerage/3PL,CHRW,C.H. Robinson,Pure-play
Shipping & Logistics,Brokerage/3PL,GXO,GXO Logistics,Pure-play
Shipping & Logistics,Container shipping,DAC,Danaos,Pure-play
Shipping & Logistics,Container shipping,MATX,Matson,Pure-play
Shipping & Logistics,Container shipping,ZIM,ZIM Integrated Shipping,Pure-play
Shipping & Logistics,Dry bulk,SBLK,Star Bulk Carriers,Pure-play
Shipping & Logistics,Parcel/freight,FDX,FedEx,Pure-play
Shipping & Logistics,Parcel/freight,UPS,United Parcel Service,Pure-play
Shipping & Logistics,Tankers,FRO,Frontline,Pure-play
Shipping & Logistics,Tankers,INSW,International Seaways,Pure-play
Shipping & Logistics,Tankers,STNG,Scorpio Tankers,Pure-play
Shipping & Logistics,Tankers,TNK,Teekay Tankers,Pure-play
Shipping & Logistics,Trucking/LTL,ODFL,Old Dominion Freight Line,Pure-play
Shipping & Logistics,Trucking/LTL,XPO,XPO,Pure-play
Cannabis / Psychedelics,Cannabis,ACB,Aurora Cannabis,Pure-play
Cannabis / Psychedelics,Cannabis,CGC,Canopy Growth,Pure-play
Cannabis / Psychedelics,Cannabis,CRON,Cronos Group,Pure-play
Cannabis / Psychedelics,Cannabis,SNDL,SNDL,Major segment
Cannabis / Psychedelics,Cannabis,TLRY,Tilray Brands,Major segment
Cannabis / Psychedelics,Psychedelics,ATAI,AtaiBeckley,Pure-play
Cannabis / Psychedelics,Psychedelics,CMPS,Compass Pathways,Pure-play
Cannabis / Psychedelics,Psychedelics,MNMD,MindMed,Pure-play
